rank_vfm,fifa_version,season_label,dataset_gender,sofifa_id,short_name,long_name,age,primary_position,position_group,overall,potential,performance_score,value_eur,wage_eur,annual_wage_eur,total_cost_eur,cost_million_eur,vfm_index,vfm_formula_1_index,vfm_formula_2_index,vfm_formula_3_raw,regression_residual,club_name,league_name,nationality_name,player_url,cost_performance_segment,rank_position_group_vfm
265,22,FIFA 22,male,223553,Serginho,Sérgio Henrique Francisco,36,LW,ATT,70,70,67.8175,525000.0,600.0,31200.0,556200.0,0.5562,98.62578730935402,98.60496590495028,98.50085888293164,0.5217159681621947,2.707913062059802,Club Deportivo Jorge Wilstermann,Liga de Fútbol Profesional Boliviano,Brazil,https://sofifa.com/player/223553/sergio-henrique-francisco/220002,mid_market,1
323,22,FIFA 22,male,237055,O. Zubkov,Oleksandr Zubkov,24,RW,ATT,71,74,74.6275,2600000.0,700.0,36400.0,2636400.0,2.6364,98.32387694549998,96.4759773046692,98.52688563843633,0.4879981355974101,2.718736457460352,Ferencvárosi TC,Hungarian Nemzeti Bajnokság I,Ukraine,https://sofifa.com/player/237055/oleksandr-zubkov/220002,high_perf_high_cost__premium_star,2
351,22,FIFA 22,male,254482,R. Jones,Ricky-Jade Jones,18,ST,ATT,60,80,68.7525,675000.0,1000.0,52000.0,727000.0,0.727,98.17812711467388,98.1000468481599,98.05319868825153,0.4719658470807056,2.472759112004041,Peterborough United,English League Championship,England,https://sofifa.com/player/254482/ricky-jade-jones/220002,mid_market,3
356,22,FIFA 22,male,236696,A. Chatzigiovanis,Anastasios Chatzigiovanis,24,RW,ATT,71,77,75.16,3000000.0,600.0,31200.0,3031200.0,3.0312,98.15210035916922,95.7212013950341,98.40716256311488,0.4704720192908289,2.641492898349597,Panathinaikos FC,Greek Super League,Greece,https://sofifa.com/player/236696/anastasios-chatzigiovanis/220002,high_perf_high_cost__premium_star,4
391,22,FIFA 22,male,160217,R. Verenas,Renato Verenas,37,ST,ATT,70,70,67.6125,550000.0,500.0,26000.0,576000.0,0.576,97.96991307063662,98.19374316797668,97.79293113320492,0.4545619202882446,2.350068131940916,Club River Plate Asunción,Paraguayan Primera División,Chile,https://sofifa.com/player/160217/renato-verenas/220002,mid_market,5
401,22,FIFA 22,male,260492,Eom Ji Sung,Ji Sung Eom,19,RW,ATT,60,79,68.2025,625000.0,650.0,33800.0,658800.0,0.6588,97.9178595596273,97.99593982614128,97.81375253760866,0.4520564448052116,2.3531862637000245,GwangJu FC,Korean K League 1,Korea Republic,https://sofifa.com/player/260492/ji-sung-eom/220002,mid_market,6
416,22,FIFA 22,male,243270,Heriberto Tavares,Heriberto Moreno Borges Tavares,24,RW,ATT,70,76,74.7025,2500000.0,6000.0,312000.0,2812000.0,2.812,97.83977929311332,95.30997865806049,98.14168965696736,0.4481816230490498,2.511981675535651,Futebol Clube de Famalicão,Portuguese Liga ZON SAGRES,Portugal,https://sofifa.com/player/243270/heriberto-borges-tavares/220002,high_perf_high_cost__premium_star,7
430,22,FIFA 22,male,251532,M. Elia,Meschack Elia Lina,23,ST,ATT,71,77,75.73750000000001,3000000.0,11000.0,572000.0,3572000.0,3.572,97.76690437770029,94.2168549268648,98.09484149705898,0.4407751809603797,2.5016588627417637,BSC Young Boys,Swiss Super League,Congo DR,https://sofifa.com/player/251532/meschack-elia/220002,high_perf_high_cost__premium_star,8
438,22,FIFA 22,male,213418,C. Akpom,Chuba Akpom,25,ST,ATT,71,75,74.38,2600000.0,950.0,49400.0,2649400.0,2.6494,97.72526156889282,95.2110769871428,97.99593982614128,0.4380089931691278,2.449743369173376,PAOK,Greek Super League,England,https://sofifa.com/player/213418/chuba-akpom/220002,high_perf_high_cost__premium_star,9
443,22,FIFA 22,male,176542,C. Valencia,Carmelo Enrique Valencia Chaverra,36,ST,ATT,69,69,67.1125,475000.0,1000.0,52000.0,527000.0,0.527,97.69923481338816,98.08963614595804,97.3608869918276,0.4359256943283289,2.2385504042446343,Junior FC,Colombian Liga Postobón,Colombia,https://sofifa.com/player/176542/carmelo-valencia/220002,mid_market,10
458,22,FIFA 22,male,214567,J. Reinoso,Jair Alexander Reinoso Moreno,36,ST,ATT,69,69,66.865,475000.0,500.0,26000.0,501000.0,0.501,97.6211545468742,98.12086825256362,97.25677996980896,0.432187398711877,2.2121243191211875,Club The Strongest,Liga de Fútbol Profesional Boliviano,Colombia,https://sofifa.com/player/214567/jair-reinoso/220002,mid_market,11
468,22,FIFA 22,male,190939,S. Chhetri,Sunil Chhetri,36,ST,ATT,68,68,66.385,400000.0,1000.0,52000.0,452000.0,0.452,97.56910103586488,98.2145645723804,97.14226224558846,0.4289376022163137,2.181853326954041,Bengaluru FC,Indian Super League,India,https://sofifa.com/player/190939/sunil-chhetri/220002,mid_market,12
470,22,FIFA 22,male,251852,K. Adeyemi,Karim-David Adeyemi,19,ST,ATT,71,85,77.2425,4500000.0,11000.0,572000.0,5072000.0,5.072,97.558690333663,91.74951850502316,98.0636093904534,0.4277191053602445,2.474657562623648,FC Red Bull Salzburg,Austrian Football Bundesliga,Germany,https://sofifa.com/player/251852/karim-adeyemi/220002,high_perf_high_cost__premium_star,13
480,22,FIFA 22,male,230601,Cryzan,Cryzan da Cruz Queiroz Barcelos,24,ST,ATT,70,75,74.2425,2400000.0,4000.0,208000.0,2608000.0,2.608,97.50663682265368,94.86752381448127,97.86580604861796,0.425635736510601,2.3810616180865054,Santa Clara,Portuguese Liga ZON SAGRES,Brazil,https://sofifa.com/player/230601/cryzan-queiroz-barcelos/220002,high_perf_high_cost__premium_star,14
482,22,FIFA 22,male,231344,M. Koné,Moussa Koné,24,ST,ATT,72,76,75.82249999999999,3400000.0,6000.0,312000.0,3712000.0,3.712,97.49622612045182,93.30591848420175,97.92306491072824,0.4245051387600758,2.4186713685356835,Nîmes Olympique,French Ligue 2,Senegal,https://sofifa.com/player/231344/moussa-kone/220002,high_perf_high_cost__premium_star,15
507,22,FIFA 22,male,232148,D. Sallói,Dániel Sallói,24,LW,ATT,71,73,74.37,2400000.0,6000.0,312000.0,2712000.0,2.712,97.36609234292854,94.30534589558066,97.73567227109469,0.4166981127220314,2.337700847160889,Sporting Kansas City,USA Major League Soccer,Hungary,https://sofifa.com/player/232148/daniel-salloi/220002,high_perf_high_cost__premium_star,16
512,22,FIFA 22,male,218744,J. Byrne,Jack Byrne,25,RW,ATT,72,75,75.0375,3100000.0,1000.0,52000.0,3152000.0,3.152,97.34006558742388,93.6234449013586,97.78252043100308,0.4151999537303837,2.34823757607802,APOEL Nicosia FC,Cypriot First Division,Republic of Ireland,https://sofifa.com/player/218744/jack-byrne/220002,high_perf_high_cost__premium_star,17
525,22,FIFA 22,male,260942,D. Fofana,David Datro Fofana,18,ST,ATT,63,83,71.16,1300000.0,700.0,36400.0,1336400.0,1.3364,97.27239602311175,96.31981677164124,97.28801207641456,0.4111317863692808,2.220051331690726,Molde FK,Norwegian Eliteserien,Côte d'Ivoire,https://sofifa.com/player/260942/david-datro-fofana/220002,mid_market,18
538,22,FIFA 22,male,260232,I. Šaranić,Ivan Šaranić,18,RW,ATT,63,82,70.7525,1200000.0,500.0,26000.0,1226000.0,1.226,97.20472645879966,96.4447451980636,97.16828900109311,0.407410213854598,2.1893039115861512,Dinamo Zagreb,Croatian Prva HNL,Croatia,https://sofifa.com/player/260232/ivan-saranic/220002,mid_market,19
541,22,FIFA 22,male,49486,B. Ogbeche,Bartholomew Owogbalor Ogbeche,36,ST,ATT,68,68,66.05499999999999,400000.0,600.0,31200.0,431200.0,0.4312,97.18911040549683,98.03758263494872,96.6061110821925,0.4069993632981733,2.05770248146937,Hyderabad FC,Indian Super League,Nigeria,https://sofifa.com/player/49486/bartholomew-ogbeche/220002,mid_market,20
86,22,FIFA 22,male,186402,S. Candia,Salustiano Antonio Candia Galeano,37,CB,DEF,70,70,66.91499999999999,275000.0,500.0,26000.0,301000.0,0.301,99.5575451564208,99.54713445421892,99.5731612097236,0.865943910889968,4.488379784798077,Guaireña FC,Paraguayan Primera División,Paraguay,https://sofifa.com/player/186402/salustiano-candia/220002,mid_market,1
105,22,FIFA 22,male,150106,A. Papadopoulos,Avraam Papadopoulos,36,CB,DEF,68,68,65.6125,220000.0,500.0,26000.0,246000.0,0.246,99.45864348550307,99.48987559210867,99.46905418770496,0.7925481448710245,4.067556300197431,Olympiacos CFP,Greek Super League,Greece,https://sofifa.com/player/150106/avraam-papadopoulos/220002,mid_market,2
110,22,FIFA 22,male,214603,F. Díaz,Farid Alfonso Díaz Rhenals,37,LB,DEF,69,69,66.8025,300000.0,500.0,26000.0,326000.0,0.326,99.43261672999844,99.41700067669564,99.4274113788975,0.778609900990898,4.027248084646914,Club Nacional,Paraguayan Primera División,Colombia,https://sofifa.com/player/214603/farid-diaz/220002,mid_market,3
113,22,FIFA 22,male,214515,M. Piedrahita,Marlon Javier Piedrahita Londoño,36,RB,DEF,72,72,69.67,525000.0,2000.0,104000.0,629000.0,0.629,99.41700067669564,99.1983759304565,99.41700067669564,0.7627230691328619,4.022946350618426,Junior FC,Colombian Liga Postobón,Colombia,https://sofifa.com/player/214515/marlon-piedrahita/220002,mid_market,4
115,22,FIFA 22,male,214196,D. Bocanegra,Daniel Eduardo Bocanegra Ortíz,34,CB,DEF,72,72,70.7025,750000.0,850.0,44200.0,794200.0,0.7942,99.40658997449376,99.1463224194472,99.43782208109936,0.7598735482125166,4.036453856794523,Club Libertad,Paraguayan Primera División,Colombia,https://sofifa.com/player/214196/daniel-bocanegra/220002,mid_market,5
126,22,FIFA 22,male,180740,N. Topor-Stanley,Nikolai Topor-Stanley,36,CB,DEF,64,64,62.3125,100000.0,550.0,28600.0,128600.0,0.1286,99.34933111238354,99.51590234761336,99.26084014366768,0.721067029539995,3.6017302649162204,Western United FC,Australian Hyundai A-League,Australia,https://sofifa.com/player/180740/nikolai-topor-stanley/220002,low_perf_low_cost__budget_depth,6
127,22,FIFA 22,male,172685,José Crespo,José Ángel Crespo Rincón,34,CB,DEF,72,72,70.52250000000001,750000.0,950.0,49400.0,799400.0,0.7994,99.3441257612826,99.09426890843788,99.34933111238354,0.721061034114741,3.827937732139432,PAOK,Greek Super League,Spain,https://sofifa.com/player/172685/jose-angel-crespo-rincon/220002,mid_market,7
132,22,FIFA 22,male,163665,D. Congré,Daniel Congré,36,CB,DEF,73,73,69.895,550000.0,3000.0,156000.0,706000.0,0.706,99.31809900577794,99.10988496174068,99.3285097079798,0.7082267711233778,3.743335501379661,Dijon FCO,French Ligue 2,France,https://sofifa.com/player/163665/daniel-congre/220002,mid_market,8
134,22,FIFA 22,male,195905,L. Gutiérrez,Luis Alberto Gutiérrez Herrera,36,CB,DEF,65,65,63.1,130000.0,500.0,26000.0,156000.0,0.156,99.30768830357609,99.46384883660404,99.21919733486024,0.7061626458758874,3.545263543086662,Club Bolívar,Liga de Fútbol Profesional Boliviano,Bolivia,https://sofifa.com/player/195905/luis-gutierrez/220002,low_perf_low_cost__budget_depth,9
135,22,FIFA 22,male,138949,A. Alcáraz,Antolín Alcáraz Viveros,38,CB,DEF,71,71,66.8075,325000.0,600.0,31200.0,356200.0,0.3562,99.30248295247516,99.25563479256677,99.29207225027328,0.7057242494011142,3.6451300751525855,Club Olimpia,Paraguayan Primera División,Paraguay,https://sofifa.com/player/138949/antolin-alcaraz/220002,mid_market,10
147,22,FIFA 22,male,182862,M. Pereira,Victorio Maximiliano Pereira Páez,37,RB,DEF,69,69,66.285,300000.0,500.0,26000.0,326000.0,0.326,99.24001873926396,99.22440268596117,99.20878663265836,0.6826559867841357,3.509748084646916,Club Atlético Peñarol,Uruguayan Primera División,Uruguay,https://sofifa.com/player/182862/maximiliano-pereira/220002,mid_market,11
157,22,FIFA 22,male,214326,C. Vilches,Christian Alberto Vilches González,37,CB,DEF,69,69,65.7975,250000.0,1000.0,52000.0,302000.0,0.302,99.18796522825464,99.17755452605276,99.12550101504344,0.6559757367385469,3.356387157252413,Unión La Calera,Chilian Campeonato Nacional,Chile,https://sofifa.com/player/214326/christian-vilches/220002,mid_market,12
160,22,FIFA 22,male,185243,H. Kambou,Hervé Kambou,36,CB,DEF,62,62,60.625,70000.0,500.0,26000.0,96000.0,0.096,99.17234917495183,99.47946488990682,99.04221539742856,0.6517503598843943,3.191690737871781,Universidad Técnica de Cajamarca,Peruvian Primera División,Côte d'Ivoire,https://sofifa.com/player/185243/herve-kambou/220002,low_perf_low_cost__budget_depth,13
166,22,FIFA 22,male,186977,O. Merlo,Omar Jesús Merlo,35,CB,DEF,70,70,67.535,425000.0,500.0,26000.0,451000.0,0.451,99.14111706834626,99.07865285513508,99.1150903128416,0.6440138139026845,3.3415311338208795,Club Sporting Cristal,Peruvian Primera División,Argentina,https://sofifa.com/player/186977/omar-merlo/220002,mid_market,14
183,22,FIFA 22,male,179822,H. Jele,Happy Quinton Jele,34,CB,DEF,67,67,66.21000000000001,325000.0,500.0,26000.0,351000.0,0.351,99.05262609963044,99.05783145073134,98.99536723752016,0.6071892791637798,3.111888958741197,Orlando Pirates,South African Premier Division,South Africa,https://sofifa.com/player/179822/happy-jele/220002,mid_market,15
191,22,FIFA 22,male,253856,R. Rodríguez,Renier Alexander Rodríguez González,37,LB,DEF,65,65,63.307500000000005,160000.0,500.0,26000.0,186000.0,0.186,99.01098329082296,99.19317057935558,98.91208161990528,0.5980943864610211,2.984207164002271,Metropolitanos de Caracas FC,Venezuelan Primera División,Venezuela,https://sofifa.com/player/253856/renier-rodriguez/220002,low_perf_low_cost__budget_depth,16
195,22,FIFA 22,male,253593,V. Balta,Victor Julio Rodolfo Balta Mori,35,CB,DEF,65,65,63.9575,190000.0,500.0,26000.0,216000.0,0.216,98.99016188641924,99.15152777054811,98.90687626880434,0.5940343952164677,2.980825879052915,Sport Huancayo,Peruvian Primera División,Peru,https://sofifa.com/player/253593/victor-balta/220002,low_perf_low_cost__budget_depth,17
199,22,FIFA 22,male,159034,S. Taylor,Steven Vincent Taylor,35,CB,DEF,70,70,67.955,425000.0,2000.0,104000.0,529000.0,0.529,98.96934048201553,98.8704388110978,98.96413513091456,0.5889846499604974,3.0644991366657166,Wellington Phoenix,Australian Hyundai A-League,England,https://sofifa.com/player/159034/steven-taylor/220002,mid_market,18
204,22,FIFA 22,male,176472,N. Cabrera,Nelson David Cabrera Báez,38,CB,DEF,66,66,62.9525,150000.0,500.0,26000.0,176000.0,0.176,98.94331372651084,99.15673312164904,98.74551038467546,0.5783128019202803,2.8706781866582816,Club Always Ready,Liga de Fútbol Profesional Boliviano,Bolivia,https://sofifa.com/player/176472/nelson-cabrera/220002,low_perf_low_cost__budget_depth,19
206,22,FIFA 22,male,225876,D. Mendoza,David Bernardo Mendoza Ayala,36,LB,DEF,64,64,62.4025,130000.0,500.0,26000.0,156000.0,0.156,98.932903024309,99.20878663265836,98.71427827806986,0.5768334571624252,2.847763543086664,Guaireña FC,Paraguayan Primera División,Paraguay,https://sofifa.com/player/225876/david-mendoza/220002,low_perf_low_cost__budget_depth,20
1,22,FIFA 22,male,177299,A. Gabbarini,Adrián José Gabbarini,35,GK,GK,72,72,70.16,250000.0,500.0,26000.0,276000.0,0.276,100.0,100.0,100.0,1.5398676708581052,8.112258457197036,LDU Quito,Ecuadorian Serie A,Argentina,https://sofifa.com/player/177299/adrian-gabbarini/220002,mid_market,1
2,22,FIFA 22,male,182959,A. Hruška,Aleš Hruška,35,GK,GK,71,71,69.23,210000.0,500.0,26000.0,236000.0,0.236,99.99479464889906,99.99479464889906,99.99479464889906,1.4978738311437316,7.866390185961862,FC Viktoria Plzeň,Czech Republic Gambrinus Liga,Czech Republic,https://sofifa.com/player/182959/ales-hruska/220002,mid_market,2
3,22,FIFA 22,male,182270,W. Sandilands,Wayne Sandilands,37,GK,GK,71,71,68.67,210000.0,500.0,26000.0,236000.0,0.236,99.98958929779812,99.9687678933944,99.9843839466972,1.3940396437895537,7.30639018596186,Orlando Pirates,South African Premier Division,South Africa,https://sofifa.com/player/182270/wayne-sandilands/220002,mid_market,3
4,22,FIFA 22,male,241769,D. Akpeyi,Daniel Akpeyi,35,GK,GK,74,74,72.02,475000.0,500.0,26000.0,501000.0,0.501,99.9843839466972,99.91150903128415,99.98958929779812,1.3880181769454247,7.367124319121189,Kaizer Chiefs,South African Premier Division,Nigeria,https://sofifa.com/player/241769/daniel-akpeyi/220002,mid_market,4
5,22,FIFA 22,male,223843,D. Frascarelli,Damián Andrés Frascarelli Gutiérrez,36,GK,GK,70,70,67.99,180000.0,500.0,26000.0,206000.0,0.206,99.97917859559628,99.97397324449534,99.97397324449534,1.3812262647568392,7.220450766583802,Sociedad Deportiva Aucas,Ecuadorian Serie A,Uruguay,https://sofifa.com/player/223843/damian-frascarelli/220002,mid_market,5
6,22,FIFA 22,male,186655,J. Carvallo,José Aurelio Carvallo Alonso,35,GK,GK,68,68,66.67999999999999,130000.0,500.0,26000.0,156000.0,0.156,99.97397324449534,99.98958929779812,99.9687678933944,1.3699597721758083,7.125263543086653,Club Universitario de Deportes,Peruvian Primera División,Peru,https://sofifa.com/player/186655/jose-carvallo/220002,mid_market,6
7,22,FIFA 22,male,165247,I. Khune,Itumeleng Khune,34,GK,GK,71,71,70.32,325000.0,500.0,26000.0,351000.0,0.351,99.9687678933944,99.93753578678884,99.97917859559628,1.3692580470667608,7.221888958741182,Kaizer Chiefs,South African Premier Division,South Africa,https://sofifa.com/player/165247/itumeleng-khune/220002,mid_market,7
8,22,FIFA 22,male,219918,O. Cabral,Osvaldo Ramón Cabral,36,GK,GK,69,69,67.15,150000.0,500.0,26000.0,176000.0,0.176,99.96356254229347,99.97917859559628,99.96356254229347,1.3566056615973554,7.068178186658287,12 de Octubre FC,Paraguayan Primera División,Argentina,https://sofifa.com/player/219918/osvaldo-cabral/220002,mid_market,8
9,22,FIFA 22,male,189024,M. Banguera,Máximo Orlando Banguera Valdivieso,35,GK,GK,67,67,65.83999999999999,110000.0,500.0,26000.0,136000.0,0.136,99.95835719119256,99.9843839466972,99.95835719119256,1.32851688787018,6.884764895850495,Guayaquil City FC,Ecuadorian Serie A,Ecuador,https://sofifa.com/player/189024/maximo-banguera/220002,mid_market,9
10,22,FIFA 22,male,163616,J. Young,Jamie Young,35,GK,GK,68,68,66.47,130000.0,750.0,39000.0,169000.0,0.169,99.9531518400916,99.94274113788974,99.9531518400916,1.2643347413277577,6.565516069531846,Western United FC,Australian Hyundai A-League,England,https://sofifa.com/player/163616/jamie-young/220002,mid_market,10
11,22,FIFA 22,male,225983,S. Mpontshane,Siyabonga Mpontshane,35,GK,GK,65,65,64.16,80000.0,500.0,26000.0,106000.0,0.106,99.94794648899068,99.96356254229347,99.93753578678884,1.2246468518357496,6.293713597758952,Orlando Pirates,South African Premier Division,South Africa,https://sofifa.com/player/225983/siyabonga-mpontshane/220002,low_perf_low_cost__budget_depth,11
12,22,FIFA 22,male,142902,A. Pyatov,Andriy Pyatov,37,GK,GK,75,75,72.3,625000.0,500.0,26000.0,651000.0,0.651,99.94274113788974,99.79178595596274,99.94794648899068,1.2217305892194936,6.5027289341129375,Shakhtar Donetsk,Ukrainian Premier League,Ukraine,https://sofifa.com/player/142902/andriy-pyatov/220002,mid_market,12
13,22,FIFA 22,male,198355,S. Clark,Steve Clark,35,GK,GK,72,72,70.16,250000.0,3000.0,156000.0,406000.0,0.406,99.93753578678884,99.85945552027484,99.94274113788974,1.2183122932456558,6.42583043100538,Portland Timbers,USA Major League Soccer,United States,https://sofifa.com/player/198355/steve-clark/220002,mid_market,13
14,22,FIFA 22,male,192792,P. Kovář,Přemysl Kovář,35,GK,GK,65,65,64.07,80000.0,500.0,26000.0,106000.0,0.106,99.93233043568787,99.95835719119256,99.92712508458696,1.207959214582399,6.203713597758949,SK Slavia Praha,Czech Republic Gambrinus Liga,Czech Republic,https://sofifa.com/player/192792/premysl-kovar/220002,low_perf_low_cost__budget_depth,14
15,22,FIFA 22,male,214190,L. Castellanos,Andrés Leandro Castellanos Serrano,37,GK,GK,70,70,67.53,180000.0,1000.0,52000.0,232000.0,0.232,99.92712508458696,99.89068762688044,99.93233043568787,1.196905079972156,6.241084637625384,Club Independiente Santa Fe,Colombian Liga Postobón,Colombia,https://sofifa.com/player/214190/leandro-castellanos/220002,mid_market,15
16,22,FIFA 22,male,183596,E. Domaschke,Erik Domaschke,35,GK,GK,65,65,64.00999999999999,80000.0,500.0,26000.0,106000.0,0.106,99.91931705793556,99.95054916454114,99.91931705793556,1.1968341230801651,6.143713597758946,SV Meppen,German 3. Bundesliga,Germany,https://sofifa.com/player/183596/erik-domaschke/220002,low_perf_low_cost__budget_depth,16
17,22,FIFA 22,male,259769,M. Heredia,Manuel Alexander Heredia Rojas,35,GK,GK,65,65,64.00999999999999,80000.0,500.0,26000.0,106000.0,0.106,99.91931705793556,99.95054916454114,99.91931705793556,1.1968341230801651,6.143713597758946,Carlos A. Mannucci,Peruvian Primera División,Peru,https://sofifa.com/player/259769/manuel-heredia/220002,low_perf_low_cost__budget_depth,17
18,22,FIFA 22,male,228232,D. Azcona,Librado Daniel Azcona Salinas,37,GK,GK,67,67,65.07,110000.0,500.0,26000.0,136000.0,0.136,99.91150903128415,99.93233043568787,99.90109832908227,1.185744880258186,6.114764895850499,Club River Plate Asunción,Paraguayan Primera División,Ecuador,https://sofifa.com/player/228232/daniel-azcona/220002,low_perf_low_cost__budget_depth,18
19,22,FIFA 22,male,259845,M. Santilli,Gabriel Mario Santilli,37,GK,GK,67,67,65.01,110000.0,500.0,26000.0,136000.0,0.136,99.90630368018324,99.92712508458696,99.89068762688044,1.174619788755955,6.054764895850511,Deportivo La Guaira FC,Venezuelan Primera División,Argentina,https://sofifa.com/player/259845/mario-santilli/220002,low_perf_low_cost__budget_depth,19
20,22,FIFA 22,male,164853,A. Federici,Adam Federici,36,GK,GK,70,70,68.2,180000.0,2000.0,104000.0,284000.0,0.284,99.90109832908227,99.85425016917392,99.88548227577952,1.152642180793834,6.02740647527699,Macarthur FC,Australian Hyundai A-League,Australia,https://sofifa.com/player/164853/adam-federici/220002,mid_market,20
82,22,FIFA 22,male,182859,W. Gargano,Walter Alejandro Gargano Guevara,36,CDM,MID,72,72,69.0475,450000.0,600.0,31200.0,481200.0,0.4812,99.57836656082452,99.46905418770496,99.57836656082452,0.870457758500176,4.570817339772091,Club Atlético Peñarol,Uruguayan Primera División,Uruguay,https://sofifa.com/player/182859/walter-gargano/220002,mid_market,1
176,22,FIFA 22,male,196948,B. García,Óscar Boniek García Ramírez,36,CDM,MID,65,65,63.580000000000005,140000.0,1000.0,52000.0,192000.0,0.192,99.08906355733694,99.26084014366768,99.00577793972204,0.6221695400042444,3.1179807641715342,Houston Dynamo,USA Major League Soccer,Honduras,https://sofifa.com/player/196948/boniek-garcia/220002,low_perf_low_cost__budget_depth,2
198,22,FIFA 22,male,192074,Cristóbal,Cristóbal Márquez Crespo,37,CDM,MID,70,70,67.5375,325000.0,3000.0,156000.0,481000.0,0.481,98.97454583311644,98.90687626880434,98.95892977981366,0.5908226406273405,3.062633813965604,CF Fuenlabrada,Spanish Segunda División,Spain,https://sofifa.com/player/192074/cristobal-marquez-crespo/220002,mid_market,3
205,22,FIFA 22,male,155671,Ł. Trałka,Łukasz Trałka,37,CDM,MID,68,68,65.22,240000.0,1000.0,52000.0,292000.0,0.292,98.93810837540993,99.02659934412576,98.81317994898755,0.5769514923401136,2.9260230443694155,Warta Poznań,Polish T-Mobile Ekstraklasa,Poland,https://sofifa.com/player/155671/lukasz-tralka/220002,low_perf_low_cost__budget_depth,4
217,22,FIFA 22,male,214386,C. Ayala,Camilo Andrés Ayala Quintero,35,CDM,MID,69,69,67.02499999999999,400000.0,800.0,41600.0,441600.0,0.4416,98.87564416219874,98.87564416219874,98.80276924678569,0.5669990161369074,2.923565820705022,Deportivo Pasto,Colombian Liga Postobón,Colombia,https://sofifa.com/player/214386/camilo-ayala/220002,mid_market,5
254,22,FIFA 22,male,142499,Aitor Sanz,Aitor Sanz Martín,36,CDM,MID,70,70,67.6975,325000.0,4000.0,208000.0,533000.0,0.533,98.68304617146426,98.67784082036334,98.61537660715214,0.5349633611565601,2.7740835048332717,CD Tenerife,Spanish Segunda División,Spain,https://sofifa.com/player/142499/aitor-sanz-martin/220002,mid_market,6
261,22,FIFA 22,male,177390,H. Medunjanin,Haris Medunjanin,36,CDM,MID,67,67,65.125,200000.0,2000.0,104000.0,304000.0,0.304,98.64660871375774,98.8860548644006,98.41757326531676,0.5257826578083074,2.655045314772998,FC Cincinnati,USA Major League Soccer,Bosnia and Herzegovina,https://sofifa.com/player/177390/haris-medunjanin/220002,low_perf_low_cost__budget_depth,7
263,22,FIFA 22,male,194841,M. Paniagua,Miguel Ángel Paniagua Rivarola,34,CDM,MID,70,70,67.98,550000.0,500.0,26000.0,576000.0,0.576,98.63619801155588,98.59455520274842,98.52168028733536,0.522703105739425,2.717568131940922,Guaireña FC,Paraguayan Primera División,Paraguay,https://sofifa.com/player/194841/miguel-angel-paniagua/220002,mid_market,8
267,22,FIFA 22,male,190971,O. Alonso,Osvaldo Alonso Moreno,35,CDM,MID,72,72,69.76249999999999,650000.0,4000.0,208000.0,858000.0,0.858,98.61537660715214,98.37072510540835,98.60496590495028,0.5212040031568554,2.758825415825868,Minnesota United FC,USA Major League Soccer,Cuba,https://sofifa.com/player/190971/osvaldo-alonso/220002,mid_market,9
271,22,FIFA 22,male,184142,Marco Soares,Marco Paulo da Silva Soares,37,CDM,MID,65,65,63.0225,140000.0,1000.0,52000.0,192000.0,0.192,98.59455520274842,99.01098329082296,98.25620738118786,0.5187988981293241,2.5604807641715226,FC Arouca,Portuguese Liga ZON SAGRES,Cape Verde Islands,https://sofifa.com/player/184142/marco-paulo-silva-soares/220002,low_perf_low_cost__budget_depth,10
282,22,FIFA 22,male,223855,H. Pereira,Hamilton Miguel Pereira Ferrón,34,CDM,MID,65,65,64.44,240000.0,500.0,26000.0,266000.0,0.266,98.53729634063818,98.89126021550152,98.24059132788506,0.510022550657541,2.5535137145585907,Cerro Largo Fútbol Club,Uruguayan Primera División,Uruguay,https://sofifa.com/player/223855/hamilton-pereira/220002,low_perf_low_cost__budget_depth,11
285,22,FIFA 22,male,134820,S. Brown,Scott Brown,36,CDM,MID,71,71,67.9525,375000.0,4000.0,208000.0,583000.0,0.583,98.52168028733536,98.51647493623445,98.39154650981207,0.5075400600725553,2.637286280376088,Aberdeen,Scottish Premiership,Scotland,https://sofifa.com/player/134820/scott-brown/220002,mid_market,12
286,22,FIFA 22,male,164470,Pita,Carlos Pita González,36,CDM,MID,69,69,66.5875,275000.0,3000.0,156000.0,431000.0,0.431,98.51647493623445,98.66222476706054,98.29785018999532,0.506121072568381,2.5922296341646103,CD Lugo,Spanish Segunda División,Spain,https://sofifa.com/player/164470/carlos-pita-gonzalez/220002,mid_market,13
296,22,FIFA 22,male,139475,G. Halford,Greg Halford,36,CDM,MID,60,60,58.765,50000.0,500.0,26000.0,76000.0,0.076,98.46442142522514,99.27125084586956,97.80854718650774,0.5015065680727762,2.352467657752392,Waterford FC,Rep. Ireland Airtricity League,England,https://sofifa.com/player/139475/greg-halford/220002,low_perf_low_cost__budget_depth,14
314,22,FIFA 22,male,216019,D. Musto,Damián Marcelo Musto,34,CDM,MID,72,72,69.53999999999999,800000.0,850.0,44200.0,844200.0,0.8442,98.37072510540835,98.14168965696736,98.34469834990372,0.493457696727934,2.607175927435748,Club Atlético Peñarol,Uruguayan Primera División,Argentina,https://sofifa.com/player/216019/damian-musto/220002,mid_market,15
340,22,FIFA 22,male,239950,Pêpê,Pedro Filipe Figueiredo Rodrigues,24,CDM,MID,72,77,75.5025,3200000.0,800.0,41600.0,3241600.0,3.2416,98.23538597678412,95.74722815053876,98.46442142522514,0.4780663259195432,2.6907600711819697,Futebol Clube de Famalicão,Portuguese Liga ZON SAGRES,Portugal,https://sofifa.com/player/239950/pedro-filipe-rodrigues/220002,high_perf_high_cost__premium_star,16
344,22,FIFA 22,male,152567,A. Tettey,Alexander Banor Tettey,35,CDM,MID,70,70,67.96249999999999,450000.0,3000.0,156000.0,606000.0,0.606,98.2145645723804,98.33428764770184,98.06881474155432,0.477157371041808,2.4782169180574414,Rosenborg BK,Norwegian Eliteserien,Norway,https://sofifa.com/player/152567/alexander-tettey/220002,mid_market,17
354,22,FIFA 22,male,253340,E. Mera,Efrén Alexander Mera Moreira,36,CAM,MID,71,71,68.095,600000.0,550.0,28600.0,628600.0,0.6286,98.16251106137108,98.25620738118786,98.0011451772422,0.4712194103269482,2.4507259504214147,Independiente del Valle,Ecuadorian Serie A,Ecuador,https://sofifa.com/player/253340/efren-mera/220002,mid_market,18
355,22,FIFA 22,male,239808,M. Sáček,Michal Sáček,24,CDM,MID,73,77,76.4525,4000000.0,750.0,39000.0,4039000.0,4.039,98.15730571027017,94.96122013429806,98.45401072302326,0.4709787861389779,2.6797674691624707,AC Sparta Praha,Czech Republic Gambrinus Liga,Czech Republic,https://sofifa.com/player/239808/michal-sacek/220002,high_perf_high_cost__premium_star,19
365,22,FIFA 22,male,233642,A. Laïdouni,Aïssa Bilal Laïdouni,24,CDM,MID,70,75,73.755,2200000.0,500.0,26000.0,2226000.0,2.226,98.10525219926085,96.413513091458,98.28743948779343,0.4671965149038196,2.585597311018631,Ferencvárosi TC,Hungarian Nemzeti Bajnokság I,France,https://sofifa.com/player/233642/aissa-laidouni/220002,mid_market,20
