rank_vfm,fifa_version,season_label,dataset_gender,sofifa_id,short_name,long_name,age,primary_position,position_group,overall,potential,performance_score,value_eur,wage_eur,annual_wage_eur,total_cost_eur,cost_million_eur,vfm_index,vfm_formula_1_index,vfm_formula_2_index,vfm_formula_3_raw,regression_residual,club_name,league_name,nationality_name,player_url,cost_performance_segment,rank_practical_vfm
301,22,FIFA 22,male,243585,G. Bazunu,Gavin Okeroghene Bazunu,19,GK,GK,64,83,71.69,1300000.0,1000.0,52000.0,1352000.0,1.352,98.43839466972048,97.6888241111863,98.48524282962886,0.4997342686865168,2.699340498208798,Portsmouth,English League One,Republic of Ireland,https://sofifa.com/player/243585/gavin-bazunu/220002,mid_market,1
320,22,FIFA 22,male,242879,M. Vandevoordt,Maarten Vandevoordt,19,GK,GK,71,87,77.0,4300000.0,3000.0,156000.0,4456000.0,4.456,98.33949299880275,95.23710374264743,98.64660871375774,0.4906345918278094,2.7979414145750923,KRC Genk,Belgian Jupiler Pro League,Belgium,https://sofifa.com/player/242879/maarten-vandevoordt/220002,high_perf_high_cost__premium_star,2
351,22,FIFA 22,male,254482,R. Jones,Ricky-Jade Jones,18,ST,ATT,60,80,68.7525,675000.0,1000.0,52000.0,727000.0,0.727,98.17812711467388,98.1000468481599,98.05319868825153,0.4719658470807056,2.472759112004041,Peterborough United,English League Championship,England,https://sofifa.com/player/254482/ricky-jade-jones/220002,mid_market,3
422,22,FIFA 22,male,259036,V. Korniienko,Viktor Korniienko,22,LB,DEF,71,82,76.2975,4000000.0,500.0,26000.0,4026000.0,4.026,97.80854718650774,93.86289105200146,98.18333246577482,0.4449248841215917,2.53885402219548,Shakhtar Donetsk,Ukrainian Premier League,Ukraine,https://sofifa.com/player/259036/viktor-korniienko/220002,high_perf_high_cost__premium_star,4
436,22,FIFA 22,male,253012,L. Morales,Lautaro Alberto Morales,21,GK,GK,72,85,77.51,5000000.0,6000.0,312000.0,5312000.0,5.312,97.73567227109469,92.13991983759304,98.19374316797668,0.4387992697926233,2.540139913203447,Club Atlético Lanús,Argentina Primera División,Argentina,https://sofifa.com/player/253012/lautaro-morales/220002,high_perf_high_cost__premium_star,5
462,22,FIFA 22,male,228279,J. Drommel,Joël Drommel,24,GK,GK,75,81,79.03,7000000.0,10000.0,520000.0,7520000.0,7.52,97.60033314247046,89.36026234969549,98.19894851907762,0.4310337504022035,2.541298790258537,PSV,Holland Eredivisie,Netherlands,https://sofifa.com/player/228279/joel-drommel/220002,high_perf_high_cost__premium_star,6
465,22,FIFA 22,male,259314,Pere Joan,Pere Joan García Bauzà,19,GK,GK,62,81,69.74000000000001,900000.0,1000.0,52000.0,952000.0,0.952,97.58471708916764,97.35047628962572,97.558690333663,0.4304170851546941,2.28206469337664,RCD Mallorca,Spain Primera Division,Spain,https://sofifa.com/player/259314/pere-joan-garcia-bauza/220002,mid_market,7
470,22,FIFA 22,male,251852,K. Adeyemi,Karim-David Adeyemi,19,ST,ATT,71,85,77.2425,4500000.0,11000.0,572000.0,5072000.0,5.072,97.558690333663,91.74951850502316,98.0636093904534,0.4277191053602445,2.474657562623648,FC Red Bull Salzburg,Austrian Football Bundesliga,Germany,https://sofifa.com/player/251852/karim-adeyemi/220002,high_perf_high_cost__premium_star,8
478,22,FIFA 22,male,264116,Alejandro Iturbe,Alejandro Iturbe Encabo,17,GK,GK,62,81,69.47,875000.0,500.0,26000.0,901000.0,0.901,97.51704752485554,97.37129769402944,97.42335120503878,0.4262272043978315,2.252650205286102,Atlético de Madrid,Spain Primera Division,Spain,https://sofifa.com/player/264116/alejandro-iturbe-encabo/220002,mid_market,9
492,22,FIFA 22,male,258498,B. Verbruggen,Bart Verbruggen,18,GK,GK,65,83,72.1,1600000.0,500.0,26000.0,1626000.0,1.626,97.4441726094425,96.10119202540211,97.61594919577324,0.422007877415878,2.302995149823161,RSC Anderlecht,Belgian Jupiler Pro League,Netherlands,https://sofifa.com/player/258498/bart-verbruggen/220002,mid_market,10
503,22,FIFA 22,male,245822,D. Alemdar,Doğan Alemdar,18,GK,GK,68,83,73.92999999999999,2400000.0,1000.0,52000.0,2452000.0,2.452,97.38691374733226,94.8519077611785,97.74087762219564,0.4190809421208178,2.3380729620838423,Stade Rennais FC,French Ligue 1,Turkey,https://sofifa.com/player/245822/dogan-alemdar/220002,mid_market,11
525,22,FIFA 22,male,260942,D. Fofana,David Datro Fofana,18,ST,ATT,63,83,71.16,1300000.0,700.0,36400.0,1336400.0,1.3364,97.27239602311175,96.31981677164124,97.28801207641456,0.4111317863692808,2.220051331690726,Molde FK,Norwegian Eliteserien,Côte d'Ivoire,https://sofifa.com/player/260942/david-datro-fofana/220002,mid_market,12
526,22,FIFA 22,male,256500,N. Collins,Nnamdi Collins,17,CB,DEF,60,82,68.57,725000.0,500.0,26000.0,751000.0,0.751,97.26719067201084,97.41294050283692,97.02774452136796,0.4110670236746057,2.148340328075108,Borussia Dortmund,German 1. Bundesliga,Germany,https://sofifa.com/player/256500/nnamdi-collins/220002,mid_market,13
538,22,FIFA 22,male,260232,I. Šaranić,Ivan Šaranić,18,RW,ATT,63,82,70.7525,1200000.0,500.0,26000.0,1226000.0,1.226,97.20472645879966,96.4447451980636,97.16828900109311,0.407410213854598,2.1893039115861512,Dinamo Zagreb,Croatian Prva HNL,Croatia,https://sofifa.com/player/260232/ivan-saranic/220002,mid_market,14
557,22,FIFA 22,male,256903,Gonçalo Ramos,Gonçalo Matias Ramos,20,CF,ATT,72,86,77.805,5500000.0,8000.0,416000.0,5916000.0,5.916,97.10582478788194,88.94383426162095,97.8345739420124,0.4037738988582358,2.3645751643371824,SL Benfica,Portuguese Liga ZON SAGRES,Portugal,https://sofifa.com/player/256903/goncalo-matias-ramos/220002,high_perf_high_cost__premium_star,15
578,22,FIFA 22,male,260485,Jung Sang Bin,Sang-Bin Jeong,19,ST,ATT,62,80,69.985,1000000.0,850.0,44200.0,1044200.0,1.0442,96.99651241476236,96.58528967778877,96.89761074384468,0.3988271161772356,2.123139414368609,Suwon Samsung Bluewings,Korean K League 1,Korea Republic,https://sofifa.com/player/260485/sang-bin-jung/220002,mid_market,16
591,22,FIFA 22,male,215363,L. Montipò,Lorenzo Montipò,25,GK,GK,74,80,77.49000000000001,5000000.0,11000.0,572000.0,5572000.0,5.572,96.92884285045024,88.7252095153818,97.64197595127791,0.3952782806028434,2.311338780115122,Hellas Verona,Italian Serie A,Italy,https://sofifa.com/player/215363/lorenzo-montipo/220002,high_perf_high_cost__premium_star,17
618,22,FIFA 22,male,260192,A. Hackford,Antwoine Hackford,17,ST,ATT,59,84,68.45,700000.0,950.0,49400.0,749400.0,0.7494,96.7882983707251,97.12664619228568,96.491593357972,0.3905937528511966,2.0376595144761183,Sheffield United,English League Championship,England,https://sofifa.com/player/260192/antwoine-hackford/220002,mid_market,18
634,22,FIFA 22,male,257288,M. Okoye,Maduka Emilio Okoye,21,GK,GK,71,81,75.74,3600000.0,4000.0,208000.0,3808000.0,3.808,96.7050127531102,90.82296600905732,97.30362812971734,0.3879350604326951,2.224602672699717,Sparta Rotterdam,Holland Eredivisie,Nigeria,https://sofifa.com/player/257288/maduka-okoye/220002,high_perf_high_cost__premium_star,19
641,22,FIFA 22,male,259360,Ayesa,Gaizka Ayesa Burgui,20,GK,GK,67,81,73.17,2100000.0,1000.0,52000.0,2152000.0,2.152,96.66857529540368,94.02946228723128,97.02253917026702,0.3868945204593642,2.148325241646916,Real Sociedad B,Spanish Segunda División,Spain,https://sofifa.com/player/259360/gaizka-ayesa-burgui/220002,mid_market,20
693,22,FIFA 22,male,244389,Fernando,Fernando Dos Santos Pedro,22,ST,ATT,70,81,75.4575,3600000.0,550.0,28600.0,3628600.0,3.6286,96.39789703815522,90.27119879235856,97.0485659257717,0.3757599354375591,2.1529643488201917,Shakhtar Donetsk,Ukrainian Premier League,Brazil,https://sofifa.com/player/244389/fernando-dos-santos-pedro/220002,high_perf_high_cost__premium_star,21
720,22,FIFA 22,male,242818,F. Dahmen,Finn Gilbert Dahmen,23,GK,GK,70,80,75.28999999999999,3100000.0,8000.0,416000.0,3516000.0,3.516,96.25735255843009,90.13065431263338,96.90802144604652,0.3709657166093292,2.12320489355929,1. FSV Mainz 05,German 1. Bundesliga,Germany,https://sofifa.com/player/242818/finn-dahmen/220002,high_perf_high_cost__premium_star,22
741,22,FIFA 22,male,242602,J. Vagnoman,Josha Mamadou Karaboue Vagnoman,20,RB,DEF,71,82,76.14,3900000.0,7000.0,364000.0,4264000.0,4.264,96.1480401853105,88.4128884493259,96.9184321482484,0.3678700653873765,2.1303924834879524,Hamburger SV,German 2. Bundesliga,Germany,https://sofifa.com/player/242602/josha-vagnoman/220002,high_perf_high_cost__premium_star,23
759,22,FIFA 22,male,233885,E. Cömert,Eray Ervin Cömert,23,CB,DEF,71,82,76.185,3900000.0,8000.0,416000.0,4316000.0,4.316,96.05434386549372,88.16303159648118,96.8872000416428,0.3661149688569159,2.122427754110447,FC Basel 1893,Swiss Super League,Switzerland,https://sofifa.com/player/233885/eray-comert/220002,high_perf_high_cost__premium_star,24
767,22,FIFA 22,male,243133,J. Scally,Joseph Scally,18,RB,DEF,62,81,69.7175,975000.0,1000.0,52000.0,1027000.0,1.027,96.01270105668628,95.78366560824529,95.86174587475924,0.3630656256023155,1.9282134810398333,Borussia Mönchengladbach,German 1. Bundesliga,United States,https://sofifa.com/player/243133/joe-scally/220002,mid_market,25
771,22,FIFA 22,male,261143,M. Bulat,Marko Bulat,19,CM,MID,69,84,74.995,3300000.0,500.0,26000.0,3326000.0,3.326,95.99187965228252,89.90161886419239,96.66336994430274,0.362551844994661,2.070948367548425,Dinamo Zagreb,Croatian Prva HNL,Croatia,https://sofifa.com/player/261143/marko-bulat/220002,high_perf_high_cost__premium_star,26
776,22,FIFA 22,male,258942,O. Popescu,Octavian George Popescu,18,LW,ATT,70,85,75.71499999999999,3700000.0,4000.0,208000.0,3908000.0,3.908,95.96585289677788,88.61589714226224,96.7362448597158,0.3617030030293324,2.08633721844501,FCSB (Steaua),Romanian Liga I,Romania,https://sofifa.com/player/258942/octavian-popescu/220002,high_perf_high_cost__premium_star,27
793,22,FIFA 22,male,261444,A. Baldé,Aliou Badara Baldé,18,RW,ATT,63,81,70.585,1200000.0,1000.0,52000.0,1252000.0,1.252,95.87736192806204,95.08614856072042,95.87215657696112,0.3588686551903351,1.930107335669362,Feyenoord,Holland Eredivisie,Senegal,https://sofifa.com/player/261444/aliou-balde/220002,mid_market,28
794,22,FIFA 22,male,264266,F. Fofana,Fodé Fofana,18,ST,ATT,64,84,71.97,1600000.0,2000.0,104000.0,1704000.0,1.704,95.87215657696112,93.76398938108376,96.07516526989744,0.3588659219106151,1.9682587609489983,PSV,Holland Eredivisie,Netherlands,https://sofifa.com/player/264266/fode-fofana/220002,mid_market,29
806,22,FIFA 22,male,263339,C. Rushworth,Carl Rushworth,19,GK,GK,63,80,70.2,1100000.0,1000.0,52000.0,1152000.0,1.152,95.80969236374992,95.26833584925302,95.75243350163969,0.3568362988853009,1.9088391934061804,Walsall,English League Two,England,https://sofifa.com/player/263339/carl-rushworth/220002,mid_market,30
820,22,FIFA 22,male,250831,C. Boyce-Clarke,Coniah Boyce-Clarke,18,GK,GK,59,81,67.78999999999999,650000.0,500.0,26000.0,676000.0,0.676,95.7368174483369,96.5904950288897,95.12779136952788,0.3540986204631897,1.828069997837062,Reading,English League Championship,England,https://sofifa.com/player/250831/coniah-boyce-clarke/220002,mid_market,31
828,22,FIFA 22,male,262641,D. Touré,Djibril Fandje Touré,18,ST,ATT,60,83,69.225,775000.0,3000.0,156000.0,931000.0,0.931,95.69517463952944,95.79928166154808,95.3932642756754,0.3535107495711107,1.864530438052668,Watford,English Premier League,Guinea,https://sofifa.com/player/262641/djibril-fandje-toure/220002,mid_market,32
837,22,FIFA 22,male,263139,D. Greif,Dominik Greif,24,GK,GK,72,80,76.83,4500000.0,11000.0,572000.0,5072000.0,5.072,95.64832647962103,85.25844568216127,96.61652178439437,0.3512341012823887,2.0621575626236397,RCD Mallorca,Spain Primera Division,Slovakia,https://sofifa.com/player/263139/dominik-greif/220002,high_perf_high_cost__premium_star,33
847,22,FIFA 22,male,242280,L. Ferguson,Lewis Ferguson,21,CM,MID,71,82,76.24499999999999,4200000.0,5000.0,260000.0,4460000.0,4.46,95.59627296861171,86.28910520014576,96.51241476237573,0.3498963018085914,2.039020789178096,Aberdeen,Scottish Premiership,Scotland,https://sofifa.com/player/242280/lewis-ferguson/220002,high_perf_high_cost__premium_star,34
861,22,FIFA 22,male,263823,S. Mannsverk,Sivert Mannsverk,19,CDM,MID,64,82,71.17,1400000.0,850.0,44200.0,1444200.0,1.4442,95.52339805319868,94.050283691635,95.56504086200614,0.348353445865827,1.8910798673579308,Molde FK,Norwegian Eliteserien,Norway,https://sofifa.com/player/263823/sivert-mannsverk/220002,mid_market,35
866,22,FIFA 22,male,257273,J. Olschowsky,Jan Jakob Olschowsky,19,GK,GK,63,80,70.35,1100000.0,2000.0,104000.0,1204000.0,1.204,95.4999739732445,94.79725157461873,95.4166883556296,0.3478656440314362,1.8659252092653416,Borussia Mönchengladbach,German 1. Bundesliga,Germany,https://sofifa.com/player/257273/jan-olschowsky/220002,mid_market,36
869,22,FIFA 22,male,254541,M. Juwara,Musa Juwara,19,ST,ATT,67,85,74.23,2700000.0,3000.0,156000.0,2856000.0,2.856,95.48175524439124,89.84436000208214,96.09078132320025,0.3476359787079225,1.9716399490910133,Crotone,Italian Serie B,Gambia,https://sofifa.com/player/254541/musa-juwara/220002,high_perf_high_cost__premium_star,37
879,22,FIFA 22,male,228505,P. Pentz,Patrick Pentz,24,GK,GK,72,80,76.71000000000001,4500000.0,9000.0,468000.0,4968000.0,4.968,95.42970173338192,84.94091926500442,96.46556660246732,0.3462450205431178,2.032685069391292,FK Austria Wien,Austrian Football Bundesliga,Austria,https://sofifa.com/player/228505/patrick-pentz/220002,high_perf_high_cost__premium_star,38
884,22,FIFA 22,male,247736,C. Olses,Carlos Raúl Olses Quijada,20,GK,GK,64,81,71.10000000000001,1400000.0,500.0,26000.0,1426000.0,1.426,95.40367497787726,93.9669980740201,95.48696059549216,0.3459403571409131,1.87649523665074,Deportivo La Guaira FC,Venezuelan Primera División,Venezuela,https://sofifa.com/player/247736/carlos-olses/220002,mid_market,39
923,22,FIFA 22,male,254803,S. Lammens,Senne Lammens,18,GK,GK,64,81,70.74,1300000.0,500.0,26000.0,1326000.0,1.326,95.20066628494092,94.02425693613034,95.15902347613348,0.3397651623023937,1.834188492896402,Club Brugge KV,Belgian Jupiler Pro League,Belgium,https://sofifa.com/player/254803/senne-lammens/220002,mid_market,40
925,22,FIFA 22,male,211101,Rubén Blanco,Rubén Blanco Veiga,25,GK,GK,75,79,78.07,6000000.0,15000.0,780000.0,6780000.0,6.78,95.19025558273906,81.35443235646245,96.4759773046692,0.3393375307623671,2.033934924156384,RC Celta de Vigo,Spain Primera Division,Spain,https://sofifa.com/player/211101/ruben-blanco-veiga/220002,high_perf_high_cost__premium_star,41
934,22,FIFA 22,male,252789,R. Neshcheret,Ruslan Neshcheret,19,GK,GK,64,80,70.73,1300000.0,500.0,26000.0,1326000.0,1.326,95.14340742283068,93.92535526521264,95.10176461402322,0.3379109803853565,1.8241884928964112,Dynamo Kyiv,Ukrainian Premier League,Ukraine,https://sofifa.com/player/252789/ruslan-neshcheret/220002,mid_market,42
948,22,FIFA 22,male,251926,R. Ndiaye,Rassoul Ndiaye,19,CDM,MID,61,80,68.6375,800000.0,650.0,33800.0,833800.0,0.8338,95.07053250741762,95.62750507521731,94.5395866951226,0.336445389866975,1.7588400748971509,FC Sochaux-Montbéliard,French Ligue 2,France,https://sofifa.com/player/251926/rassoul-ndiaye/220002,mid_market,43
952,22,FIFA 22,male,247360,L. Stergiou,Leonidas Stergiou,19,CB,DEF,67,86,73.7525,2500000.0,2000.0,104000.0,2604000.0,2.604,95.0497111030139,89.63094060694394,95.64312112852012,0.3360596412058108,1.8977685050751631,FC St. Gallen 1879,Swiss Super League,Switzerland,https://sofifa.com/player/247360/leonidas-stergiou/220002,high_perf_high_cost__premium_star,44
958,22,FIFA 22,male,259570,F. Orozco,Franco Orozco,19,LW,ATT,65,84,72.4625,1800000.0,3000.0,156000.0,1956000.0,1.956,95.0184789964083,91.55692051428868,95.32559471136328,0.3352737094691269,1.858098718486744,Club Atlético Lanús,Argentina Primera División,Argentina,https://sofifa.com/player/259570/franco-orozco/220002,mid_market,45
997,22,FIFA 22,male,234577,Diogo Costa,Diogo Meireles Costa,21,GK,GK,73,85,78.01,6500000.0,5000.0,260000.0,6760000.0,6.76,94.81547030347195,80.27171932746865,96.17406694081517,0.3306737419972716,1.986843462485524,FC Porto,Portuguese Liga ZON SAGRES,Portugal,https://sofifa.com/player/234577/diogo-meireles-costa/220002,high_perf_high_cost__premium_star,46
1037,22,FIFA 22,male,236033,Dani Cárdenas,Daniel Cárdenas Líndez,24,GK,GK,72,80,76.74,4500000.0,12000.0,624000.0,5124000.0,5.124,94.6072562594347,82.64535942949351,95.85654052365832,0.3260481916083493,1.9275875576345385,Levante Unión Deportiva,Spain Primera Division,Spain,https://sofifa.com/player/236033/daniel-cardenas-lindez/220002,high_perf_high_cost__premium_star,47
1040,22,FIFA 22,male,256953,X. Dziekoński,Xavier Dziekoński,17,GK,GK,63,80,69.93,1100000.0,500.0,26000.0,1126000.0,1.126,94.5916402061319,94.10754255374523,94.33137265108532,0.3257925570189645,1.7385870545112,Jagiellonia Białystok,Polish T-Mobile Ekstraklasa,Poland,https://sofifa.com/player/256953/xavier-dziekonski/220002,mid_market,48
1044,22,FIFA 22,male,262262,J. Gorter,Jay Gorter,21,GK,GK,69,80,74.19,2700000.0,4000.0,208000.0,2908000.0,2.908,94.57081880172818,87.70496069959918,95.28395190255584,0.3251862926651666,1.8527981567138028,Ajax,Holland Eredivisie,Netherlands,https://sofifa.com/player/262262/jay-gorter/220002,high_perf_high_cost__premium_star,49
1045,22,FIFA 22,male,234341,İ. Eğribayat,İrfan Can Eğribayat,23,GK,GK,72,80,76.5,4500000.0,7000.0,364000.0,4864000.0,4.864,94.56561345062724,83.00973400655874,95.804487012649,0.3249334951460954,1.9151278637611853,Göztepe SK,Turkish Süper Lig,Turkey,https://sofifa.com/player/234341/irfan-can-egribayat/220002,high_perf_high_cost__premium_star,50
1061,22,FIFA 22,male,245396,V. Supriaha,Vladyslav Supriaha,21,ST,ATT,71,82,75.8625,4200000.0,550.0,28600.0,4228600.0,4.2286,94.48232783301232,84.0664202800479,95.54421945760242,0.3233622561500651,1.8893200778034327,Dynamo Kyiv,Ukrainian Premier League,Ukraine,https://sofifa.com/player/245396/vladyslav-supriaha/220002,high_perf_high_cost__premium_star,51
1068,22,FIFA 22,male,230727,G. Larsonneur,Gautier Larsonneur,24,GK,GK,76,79,79.06,8000000.0,12000.0,624000.0,8624000.0,8.624,94.44589037530582,76.5446879392015,96.0959866743012,0.3224689594043262,1.9727470239121343,Stade Brestois 29,French Ligue 1,France,https://sofifa.com/player/230727/gautier-larsonneur/220002,high_perf_high_cost__premium_star,52
1080,22,FIFA 22,male,257368,L. Pirola,Lorenzo Pirola,19,CB,DEF,64,82,70.99000000000001,1400000.0,650.0,33800.0,1433800.0,1.4338,94.38342616209464,92.54593722346571,94.36781010879184,0.3209995729076939,1.7426596854404437,AC Monza,Italian Serie B,Italy,https://sofifa.com/player/257368/lorenzo-pirola/220002,mid_market,53
1089,22,FIFA 22,male,252552,K. Tzolakis,Konstantinos Tzolakis,18,GK,GK,67,83,73.16,2300000.0,500.0,26000.0,2326000.0,2.326,94.33657800218624,89.18848576336474,94.88313986778408,0.3202609072325712,1.798583299550728,Olympiacos CFP,Greek Super League,Greece,https://sofifa.com/player/252552/konstantinos-tzolakis/220002,mid_market,54
1091,22,FIFA 22,male,237630,A. Pascanu,Alexandru Ștefan Pașcanu,22,CB,DEF,71,82,75.99,3900000.0,9000.0,468000.0,4368000.0,4.368,94.3261672999844,83.446983499037,95.48175524439124,0.3199804542900857,1.875097347978155,SD Ponferradina,Spanish Segunda División,Romania,https://sofifa.com/player/237630/alexandru-pascanu/220002,high_perf_high_cost__premium_star,55
1094,22,FIFA 22,male,259532,Joan García,Joan García Pons,20,GK,GK,67,83,73.58000000000001,2400000.0,3000.0,156000.0,2556000.0,2.556,94.31055124668158,88.29837072510541,94.94039872989433,0.3195759185543455,1.806564543056936,RCD Espanyol de Barcelona,Spain Primera Division,Spain,https://sofifa.com/player/259532/joan-garcia-pons/220002,high_perf_high_cost__premium_star,56
1131,22,FIFA 22,male,261621,L. Mbete,Luke Mbete,17,CB,DEF,62,82,69.5025,1000000.0,700.0,36400.0,1036400.0,1.0364,94.11795325594711,94.00343553172662,93.80042683879029,0.315609688673696,1.6734016184493612,Manchester City,English Premier League,England,https://sofifa.com/player/261621/luke-mbete/220002,mid_market,57
1142,22,FIFA 22,male,242429,L. Cacace,Liberato Gianpaolo Cacace,20,LWB,DEF,72,83,76.845,4900000.0,8000.0,416000.0,5316000.0,5.316,94.06069439383688,80.96403102389256,95.45572848888656,0.3148690361588346,1.8718508374969929,Sint-Truidense VV,Belgian Jupiler Pro League,New Zealand,https://sofifa.com/player/242429/liberato-cacace/220002,high_perf_high_cost__premium_star,58
1143,22,FIFA 22,male,263169,F. Stevanović,Filip Stevanović,18,LW,ATT,64,82,71.3125,1500000.0,1000.0,52000.0,1552000.0,1.552,94.05548904273591,91.687054291812,94.20123887356202,0.314798001740691,1.7190219235588555,SC Heerenveen,Holland Eredivisie,Serbia,https://sofifa.com/player/263169/filip-stevanovic/220002,mid_market,59
1154,22,FIFA 22,male,254120,T. Doyle,Thomas Glyn Doyle,19,CM,MID,62,81,69.7775,1000000.0,2000.0,104000.0,1104000.0,1.104,93.99823018062568,93.6390609546614,93.7744000832856,0.3139556452086903,1.6723048678513663,Hamburger SV,German 2. Bundesliga,England,https://sofifa.com/player/254120/tommy-doyle/220002,mid_market,60
1158,22,FIFA 22,male,242534,C. Cásseres Jr,Cristian Sleiker Cásseres Yepes,21,CDM,MID,71,82,75.7875,4000000.0,4000.0,208000.0,4208000.0,4.208,93.97740877622196,83.12425173077924,95.1798448805372,0.3135245758890127,1.8356586819814709,New York Red Bulls,USA Major League Soccer,Venezuela,https://sofifa.com/player/242534/cristian-casseres-jr/220002,high_perf_high_cost__premium_star,61
1168,22,FIFA 22,male,244349,J. Vásquez,Johan Felipe Vásquez Ibarra,22,CB,DEF,71,82,75.84,3900000.0,7000.0,364000.0,4264000.0,4.264,93.92535526521264,82.88480558013637,95.1486127739316,0.3122446078762104,1.8303924834879552,Genoa,Italian Serie A,Mexico,https://sofifa.com/player/244349/johan-vasquez/220002,high_perf_high_cost__premium_star,62
1172,22,FIFA 22,male,258185,Luis Carbonell,Luis Carbonell Artajona,18,ST,ATT,63,81,70.33,1200000.0,1000.0,52000.0,1252000.0,1.252,93.90453386080893,92.81661548071418,93.821248243194,0.3115870163058443,1.6751073356693666,Real Madrid CF,Spain Primera Division,Spain,https://sofifa.com/player/258185/luis-carbonell-artajona/220002,mid_market,63
1176,22,FIFA 22,male,261654,O. El Hilali,Omar El Hilali,17,RB,DEF,63,81,69.85,1100000.0,500.0,26000.0,1126000.0,1.126,93.8837124564052,93.38920410181667,93.63385560356046,0.310959101682651,1.6585870545111874,RCD Espanyol de Barcelona,Spain Primera Division,Spain,https://sofifa.com/player/261654/omar-el-hilali/220002,mid_market,64
1183,22,FIFA 22,male,222511,E. Unsain,Luis Ezequiel Unsain,26,GK,GK,75,78,77.42,5500000.0,11000.0,572000.0,6072000.0,6.072,93.84727499869868,78.9547654989329,95.4088803289782,0.3107030781586994,1.8658470618136531,Defensa y Justicia,Argentina Primera División,Argentina,https://sofifa.com/player/222511/ezequiel-unsain/220002,high_perf_high_cost__premium_star,65
1193,22,FIFA 22,male,262109,A. Kalogeropoulos,Alexios Kalogeropoulos,16,CB,DEF,62,82,69.4275,1000000.0,500.0,26000.0,1026000.0,1.026,93.79522148768936,93.78481078548748,93.43605226172504,0.3101059912628391,1.642470211464385,Olympiacos CFP,Greek Super League,Greece,https://sofifa.com/player/262109/alexios-kalogeropoulos/220002,mid_market,66
1194,22,FIFA 22,male,256196,W. Pacho,William Joel Pacho Tenorio,19,CB,DEF,61,81,68.8425,875000.0,500.0,26000.0,901000.0,0.901,93.79001613658842,94.3626047576909,93.2642756753943,0.3098772891036416,1.6251502052861042,Independiente del Valle,Ecuadorian Serie A,Ecuador,https://sofifa.com/player/256196/william-pacho/220002,mid_market,67
1196,22,FIFA 22,male,259159,J. Che,Justin Che,17,RB,DEF,63,81,69.8425,1100000.0,500.0,26000.0,1126000.0,1.126,93.77960543438655,93.30071313310084,93.55056998594556,0.3095684652448731,1.6510870545111942,FC Dallas,USA Major League Soccer,United States,https://sofifa.com/player/259159/justin-che/220002,mid_market,68
1198,22,FIFA 22,male,230165,Simão Donatinho,Simão Alvin Donatinho Garcia,25,GK,GK,75,75,77.03999999999999,4600000.0,19000.0,988000.0,5588000.0,5.588,93.76919473218469,79.66789859976056,95.25792514705115,0.3094511311384376,1.848809633440652,Sport Club Corinthians Paulista,Campeonato Brasileiro Série A,Brazil,https://sofifa.com/player/230165/simao-alvin-donatinho-garcia/220002,high_perf_high_cost__premium_star,69
1206,22,FIFA 22,male,236515,Álvaro,Álvaro Fernández Llorente,23,GK,GK,73,82,77.62,6000000.0,7000.0,364000.0,6364000.0,6.364,93.72755192337723,78.15834678049033,95.35682681796888,0.3086544186198863,1.8606139714407703,Brentford,English Premier League,Spain,https://sofifa.com/player/236515/alvaro-fernandez-llorente/220002,high_perf_high_cost__premium_star,70
1215,22,FIFA 22,male,253378,Tomás Ribeiro,Tomás Aresta Branco Machado Ribeiro,22,CB,DEF,71,84,76.0625,4300000.0,4000.0,208000.0,4508000.0,4.508,93.68070376346884,81.77606579563792,94.95601478319712,0.3071387492914572,1.809745640802845,Belenenses SAD,Portuguese Liga ZON SAGRES,Portugal,https://sofifa.com/player/253378/tomas-aresta-machado-ribeiro/220002,high_perf_high_cost__premium_star,71
1242,22,FIFA 22,male,262062,Metinho,Abelmy Meto Silu,18,CDM,MID,61,80,68.5175,800000.0,850.0,44200.0,844200.0,0.8442,93.54015928374368,94.4094529175993,92.8374368851179,0.3038675957107087,1.5846759274357538,ESTAC Troyes,French Ligue 1,Congo DR,https://sofifa.com/player/262062/abelmy-meto-silu/220002,mid_market,72
1247,22,FIFA 22,male,263028,B. Okoh,Bryan Okoh,18,CB,DEF,65,82,71.925,1700000.0,2000.0,104000.0,1804000.0,1.804,93.51413252823905,89.68819946905418,93.81083754099214,0.3030092296726323,1.6740729371635157,FC Red Bull Salzburg,Austrian Football Bundesliga,Switzerland,https://sofifa.com/player/263028/bryan-okoh/220002,mid_market,73
1265,22,FIFA 22,male,261680,Gori,Gregorio Gracia Sánchez,19,CM,MID,64,84,71.6625,1600000.0,2000.0,104000.0,1704000.0,1.704,93.42043620842226,89.99531518400916,93.65988235906512,0.3018498279616684,1.660758760948994,RCD Espanyol de Barcelona,Spain Primera Division,Spain,https://sofifa.com/player/261680/gregorio-gracia-sanchez/220002,mid_market,74
1271,22,FIFA 22,male,264096,Recasens,Lluís Recasens Vives,19,CB,DEF,61,81,68.925,875000.0,1000.0,52000.0,927000.0,0.927,93.38920410181667,93.821248243194,92.8218208318151,0.3014725940361853,1.583344387413632,RCD Espanyol de Barcelona,Spain Primera Division,Spain,https://sofifa.com/player/264096/lluis-recasens-vives/220002,mid_market,75
1288,22,FIFA 22,male,234112,Dodô,Domilson Cordeiro dos Santos,22,RB,DEF,73,84,77.69250000000001,6500000.0,650.0,33800.0,6533800.0,6.5338,93.30071313310084,76.71125917443132,95.02888969861016,0.3001590611196387,1.8180571006860615,Shakhtar Donetsk,Ukrainian Premier League,Brazil,https://sofifa.com/player/234112/domilson-cordeiro-dos-santos/220002,high_perf_high_cost__premium_star,76
1290,22,FIFA 22,male,260592,B. Šeško,Benjamin Šeško,18,ST,ATT,68,86,74.70249999999999,3100000.0,5000.0,260000.0,3360000.0,3.36,93.29030243089896,83.73848316068919,94.31055124668158,0.2998433917070955,1.734007590486215,FC Red Bull Salzburg,Austrian Football Bundesliga,Slovenia,https://sofifa.com/player/260592/benjamin-sesko/220002,high_perf_high_cost__premium_star,77
1303,22,FIFA 22,male,258121,A. Amoo,Akinkunmi Ayobami Amoo,19,CF,ATT,65,80,71.77000000000001,1700000.0,1000.0,52000.0,1752000.0,1.752,93.22263286658684,89.55286034042996,93.48810577273436,0.29863773941616,1.646874978771251,Hammarby IF,Swedish Allsvenskan,Nigeria,https://sofifa.com/player/258121/akinkunmi-amoo/220002,mid_market,78
1338,22,FIFA 22,male,259586,H. Siquet,Hugo Siquet,18,RB,DEF,69,83,74.46749999999999,3100000.0,2000.0,104000.0,3204000.0,3.204,93.04044557805425,83.75930456509292,94.0971318515434,0.2958788661866118,1.706739477247524,Standard de Liège,Belgian Jupiler Pro League,Belgium,https://sofifa.com/player/259586/hugo-siquet/220002,high_perf_high_cost__premium_star,79
1340,22,FIFA 22,male,247519,F. Mambimbi,Felix Khonde Mambimbi,20,ST,ATT,65,80,72.1375,1700000.0,4000.0,208000.0,1908000.0,1.908,93.03003487585238,88.59507573785852,93.42043620842226,0.2957132424373797,1.6416641896058335,BSC Young Boys,Swiss Super League,Switzerland,https://sofifa.com/player/247519/felix-mambimbi/220002,mid_market,80
1352,22,FIFA 22,male,252551,S. Marković,Svetozar Marković,21,CB,DEF,69,80,74.05499999999999,2900000.0,500.0,26000.0,2926000.0,2.926,92.9675706626412,84.45161626151683,93.94097131851544,0.2950136810320889,1.6908348721519246,Olympiacos CFP,Greek Super League,Serbia,https://sofifa.com/player/252551/svetozar-markovic/220002,high_perf_high_cost__premium_star,81
1353,22,FIFA 22,male,248698,V. Bondar,Valeriy Bondar,22,CB,DEF,70,80,74.63,3300000.0,500.0,26000.0,3326000.0,3.326,92.96236531154028,83.32205507261465,94.08672114934151,0.2948742050227397,1.705948367548416,Shakhtar Donetsk,Ukrainian Premier League,Ukraine,https://sofifa.com/player/248698/valeriy-bondar/220002,high_perf_high_cost__premium_star,82
1364,22,FIFA 22,male,260247,M. Rogers,Morgan Rogers,18,LW,ATT,66,84,73.1725,2200000.0,4000.0,208000.0,2408000.0,2.408,92.90510644943002,86.20061423142991,93.64947165686326,0.2937129204514488,1.659694292325014,AFC Bournemouth,English League Championship,England,https://sofifa.com/player/260247/morgan-rogers/220002,mid_market,83
1390,22,FIFA 22,male,256287,F. Farías,Facundo Hernán Farías,18,ST,ATT,72,84,77.08,5500000.0,5000.0,260000.0,5760000.0,5.76,92.76976732080578,76.9715267294779,94.508354588517,0.2916100451384233,1.756342606558377,Club Atlético Colón,Argentina Primera División,Argentina,https://sofifa.com/player/256287/facundo-farias/220002,high_perf_high_cost__premium_star,84
1398,22,FIFA 22,male,256326,P. Abraham,Paulos Abraham,18,ST,ATT,65,82,71.97749999999999,1800000.0,1000.0,52000.0,1852000.0,1.852,92.72812451199832,88.38165634272032,93.11332049346728,0.2908654025384477,1.6118301872873673,FC Groningen,Holland Eredivisie,Sweden,https://sofifa.com/player/256326/paulos-abraham/220002,mid_market,85
1421,22,FIFA 22,male,207683,S. Dioudis,Sokratis Dioudis,28,GK,GK,75,77,76.28,4800000.0,700.0,36400.0,4836400.0,4.8364,92.6084014366769,78.71531934829005,94.2168549268648,0.2888825368323624,1.719992723121237,Panathinaikos FC,Greek Super League,Greece,https://sofifa.com/player/207683/sokratis-dioudis/220002,high_perf_high_cost__premium_star,86
1452,22,FIFA 22,male,260237,D. Guindo,Daouda Guindo,18,LB,DEF,64,82,71.02,1400000.0,2000.0,104000.0,1504000.0,1.504,92.44703555254802,89.74545833116444,92.61360678777784,0.2867375829351358,1.563796087284672,FC Red Bull Salzburg,Austrian Football Bundesliga,Mali,https://sofifa.com/player/260237/daouda-guindo/220002,mid_market,87
1480,22,FIFA 22,male,262057,F. Ovelar,Fernando Fabián Ovelar Martínez,17,RW,ATT,61,81,68.8275,900000.0,500.0,26000.0,926000.0,0.926,92.30128572172192,92.91031180053096,91.58815262089428,0.2842935644630148,1.4905605594589415,Club Cerro Porteño,Paraguayan Primera División,Paraguay,https://sofifa.com/player/262057/fernando-ovelar/220002,mid_market,88
1488,22,FIFA 22,male,247497,A. Bella Kotchap,Armel Bella Kotchap,19,CB,DEF,71,85,76.0425,4200000.0,8000.0,416000.0,4616000.0,4.616,92.25964291291449,78.54874811306023,93.90973921190984,0.2837056076418263,1.6862971512594953,VfL Bochum 1848,German 1. Bundesliga,Germany,https://sofifa.com/player/247497/armel-bella-kotchap/220002,high_perf_high_cost__premium_star,89
1510,22,FIFA 22,male,247325,C. Cowell,Cade Dylan Cowell,17,ST,ATT,64,80,71.06,1500000.0,500.0,26000.0,1526000.0,1.526,92.1425225131435,89.25355265212639,92.26745093956588,0.2820555509550537,1.5403429816191905,San Jose Earthquakes,USA Major League Soccer,United States,https://sofifa.com/player/247325/cade-cowell/220002,mid_market,90
1511,22,FIFA 22,male,262842,M. Baturina,Martin Baturina,18,CM,MID,64,83,71.06,1500000.0,500.0,26000.0,1526000.0,1.526,92.1425225131435,89.25355265212639,92.26745093956588,0.2820555509550537,1.5403429816191905,Dinamo Zagreb,Croatian Prva HNL,Croatia,https://sofifa.com/player/262842/martin-baturina/220002,mid_market,91
1528,22,FIFA 22,male,230318,Nelsildo Reis,Nelson Arturo Reis Lopes,21,GK,GK,76,79,78.7,8000000.0,7000.0,364000.0,8364000.0,8.364,92.0514288688772,70.7251054083598,94.40424756649836,0.281223004090477,1.7465083123437353,Ceará Sporting Club,Campeonato Brasileiro Série A,Brazil,https://sofifa.com/player/230318/nelson-arturo-reis-lopes/220002,high_perf_high_cost__premium_star,92
1532,22,FIFA 22,male,262859,L. Colwill,Levi Colwill,18,CB,DEF,65,82,71.64,1700000.0,750.0,39000.0,1739000.0,1.739,92.03060746447348,87.95481755244391,92.41580344594244,0.2807384734792069,1.549418215679751,Huddersfield Town,English League Championship,England,https://sofifa.com/player/262859/levi-colwill/220002,mid_market,93
1533,22,FIFA 22,male,259166,E. Green,Etienne Green,20,GK,GK,72,81,76.36000000000001,4400000.0,11000.0,572000.0,4972000.0,4.972,92.02540211337256,77.20576752901984,93.86289105200146,0.2806781098886184,1.679168339372282,AS Saint-Étienne,French Ligue 1,England,https://sofifa.com/player/259166/etienne-green/220002,high_perf_high_cost__premium_star,94
1540,22,FIFA 22,male,257208,M. Balikwisha,Michel Ange Balikwisha,20,RW,ATT,70,83,75.72500000000001,3800000.0,10000.0,520000.0,4320000.0,4.32,91.98896465566602,78.78298891260216,93.62865025245954,0.2800508078428532,1.6583800125704045,Royal Antwerp FC,Belgian Jupiler Pro League,Belgium,https://sofifa.com/player/257208/michel-ange-balikwisha/220002,high_perf_high_cost__premium_star,95
1545,22,FIFA 22,male,263659,Herculano,Herculano Bucancil Nabian,17,ST,ATT,63,80,70.065,1200000.0,500.0,26000.0,1226000.0,1.226,91.96293790016136,90.67721617823122,91.74951850502316,0.2799352070581744,1.5018039115861512,Vitória de Guimarães,Portuguese Liga ZON SAGRES,Portugal,https://sofifa.com/player/263659/herculano-bucancil-nabian/220002,mid_market,96
1556,22,FIFA 22,male,251752,L. Chevalier,Lucas Chevalier,19,GK,GK,64,80,70.67,1300000.0,2000.0,104000.0,1404000.0,1.404,91.90567903805112,89.64655666024673,91.9369111446567,0.2791643630825912,1.514432832281031,Valenciennes FC,French Ligue 2,France,https://sofifa.com/player/251752/lucas-chevalier/220002,mid_market,97
1560,22,FIFA 22,male,247388,A. Buksa,Aleksander Buksa,18,ST,ATT,61,80,68.55499999999999,825000.0,1000.0,52000.0,877000.0,0.877,91.8848576336474,92.90510644943002,91.04159075529644,0.2790631516928086,1.4556200101374088,Genoa,Italian Serie A,Poland,https://sofifa.com/player/247388/aleksander-buksa/220002,mid_market,98
1570,22,FIFA 22,male,259087,R. Tagir,Ravil Tagir,18,CB,DEF,65,83,71.7925,1700000.0,2000.0,104000.0,1804000.0,1.804,91.83280412263808,87.38222893134142,92.296080370621,0.2784413192718683,1.5415729371635225,İstanbul Başakşehir FK,Turkish Süper Lig,Turkey,https://sofifa.com/player/259087/ravil-tagir/220002,mid_market,99
1595,22,FIFA 22,male,231108,S. Hefti,Silvan Hefti,23,RB,DEF,74,80,77.6275,6000000.0,12000.0,624000.0,6624000.0,6.624,91.70267034511478,72.85929935974181,93.97220342512102,0.2766837926793624,1.6931476303966804,BSC Young Boys,Swiss Super League,Switzerland,https://sofifa.com/player/231108/silvan-hefti/220002,high_perf_high_cost__premium_star,100
