rank_vfm,fifa_version,season_label,dataset_gender,sofifa_id,short_name,long_name,age,primary_position,position_group,overall,potential,performance_score,value_eur,wage_eur,annual_wage_eur,total_cost_eur,cost_million_eur,vfm_index,vfm_formula_1_index,vfm_formula_2_index,vfm_formula_3_raw,regression_residual,club_name,league_name,nationality_name,player_url,cost_performance_segment
1,16,FIFA 16,male,175253,W. Ayoví,Walter Orlando Ayoví Corozo,35,LB,DEF,68,68,66.695,130000.0,2000.0,104000.0,234000.0,0.234,100.0,100.0,100.0,0.9041689213904581,4.941060382289045,Dorados de Sinaloa,Mexican Liga MX,Ecuador,https://sofifa.com/player/175253/walter-ayovi/160002,mid_market
2,16,FIFA 16,male,134621,De Coz,David Gutiérrez de Coz,35,RB,DEF,66,66,65.1275,90000.0,2000.0,104000.0,194000.0,0.194,99.99350227420403,99.99350227420403,99.98700454840805,0.7832757502027164,4.215782205861686,CD Lugo,Spanish Segunda División,Spain,https://sofifa.com/player/134621/david-gutierrez-de-coz/160002,mid_market
3,16,FIFA 16,male,146695,L. Franco,Leonardo Neoren Franco,38,GK,GK,69,69,66.68,170000.0,2000.0,104000.0,274000.0,0.274,99.98700454840805,99.98050682261209,99.99350227420403,0.7734950805740826,4.217074491634129,SD Huesca,Spanish Segunda División,Argentina,https://sofifa.com/player/146695/leo-franco/160002,mid_market
4,16,FIFA 16,male,169780,J. Yacuzzi,Javier Orlando Yacuzzi,35,LB,DEF,66,66,65.045,90000.0,2000.0,104000.0,194000.0,0.194,99.98050682261209,99.98700454840805,99.98050682261209,0.7689062640437118,4.13328220586169,Defensa y Justicia,Argentina Primera División,Argentina,https://sofifa.com/player/169780/javier-yacuzzi/160002,mid_market
5,16,FIFA 16,male,221302,N. Tapia,Nelino José Tapia Gil,24,LB,DEF,69,74,73.14750000000001,1100000.0,2000.0,104000.0,1204000.0,1.204,99.97400909681612,99.88304093567251,99.97400909681612,0.6987210299823391,4.03406230529761,Uniautónoma FC,Colombian Liga Postobón,Colombia,https://sofifa.com/player/221302/nelino-tapia/160002,mid_market
6,16,FIFA 16,male,225024,M. Holgate,Mason Holgate,18,RB,DEF,61,80,69.08,400000.0,2000.0,104000.0,504000.0,0.504,99.96751137102015,99.9545159194282,99.9545159194282,0.6969454893312693,3.878978591785568,Everton,English Premier League,England,https://sofifa.com/player/225024/mason-holgate/160002,mid_market
7,16,FIFA 16,male,221841,A. Armstrong,Adam Armstrong,18,CF,ATT,65,84,72.725,1000000.0,2000.0,104000.0,1104000.0,1.104,99.96101364522417,99.90253411306043,99.96751137102015,0.6954971958465342,4.0011263531051355,Coventry City,English League One,England,https://sofifa.com/player/221841/adam-armstrong/160002,mid_market
8,16,FIFA 16,male,23312,J. De Guzmán,Julián de Guzmán,34,CDM,MID,68,68,66.9675,270000.0,1000.0,52000.0,322000.0,0.322,99.9545159194282,99.96101364522417,99.94801819363222,0.6925745125331362,3.7793404144483844,,,Canada,https://sofifa.com/player/23312/julian-de-guzman/160002,mid_market
9,16,FIFA 16,male,227127,Álex Remiro,Alejandro Remiro Gargallo,20,GK,GK,68,78,73.46000000000001,1200000.0,2000.0,104000.0,1304000.0,1.304,99.94801819363222,99.85055230669265,99.96101364522417,0.6884030308353077,3.9880983485068384,Athletic Club de Bilbao B,Spanish Segunda División,Spain,https://sofifa.com/player/227127/alejandro-remiro-gargallo/160002,mid_market
10,16,FIFA 16,male,45717,J. Standfest,Joachim Standfest,35,RB,DEF,65,65,64.22749999999999,80000.0,2000.0,104000.0,184000.0,0.184,99.94152046783626,99.97400909681612,99.88304093567251,0.6694644702114929,3.5535485139544036,RZ Pellets Wolfsberger AC,Austrian Football Bundesliga,Austria,https://sofifa.com/player/45717/joachim-standfest/160002,low_perf_low_cost__budget_depth
11,16,FIFA 16,male,229906,L. Bailey,Leon Bailey Butler,17,ST,ATT,62,81,70.07,550000.0,2000.0,104000.0,654000.0,0.654,99.93502274204027,99.93502274204027,99.94152046783626,0.6579565060632382,3.6984774081108043,KRC Genk,Belgian Jupiler Pro League,Jamaica,https://sofifa.com/player/229906/leon-bailey/160002,mid_market
12,16,FIFA 16,male,229364,Arellano,Julen Arellano Zaldúa,18,LB,DEF,63,81,70.2325,575000.0,2000.0,104000.0,679000.0,0.679,99.92852501624432,99.92202729044834,99.93502274204027,0.6558173372375533,3.692437326206573,Athletic Club de Bilbao B,Spanish Segunda División,Spain,https://sofifa.com/player/229364/julen-arellano-zaldua/160002,mid_market
13,16,FIFA 16,male,229235,M. Muhammed,Musa Muhammed,18,RB,DEF,67,79,72.4225,950000.0,3000.0,156000.0,1106000.0,1.106,99.92202729044834,99.77907732293697,99.92852501624432,0.6413402872086218,3.6904946687291584,İstanbul Başakşehir FK,Turkish Süper Lig,Nigeria,https://sofifa.com/player/229235/musa-muhammed/160002,mid_market
14,16,FIFA 16,male,199448,Nuno Santos,Nuno Filipe Oliveira dos Santos,35,LB,DEF,65,65,64.03999999999999,80000.0,2000.0,104000.0,184000.0,0.184,99.91552956465237,99.96751137102015,99.79857050032489,0.6368065471228443,3.3660485139544036,CD Tondela,Portuguese Liga ZON SAGRES,Portugal,https://sofifa.com/player/199448/nuno-filipe-oliveira-dos-santos/160002,low_perf_low_cost__budget_depth
15,16,FIFA 16,male,222573,A. Tello,Andrés Felipe Tello Muñoz,18,RB,DEF,66,78,71.5525,825000.0,2000.0,104000.0,929000.0,0.929,99.9090318388564,99.81156595191682,99.9090318388564,0.6313315788845257,3.6040149901538,Cagliari,Italian Serie B,Colombia,https://sofifa.com/player/222573/andres-tello/160002,mid_market
16,16,FIFA 16,male,224294,L. Cook,Lewis Cook,18,CDM,MID,69,81,73.9525,1400000.0,3000.0,156000.0,1556000.0,1.556,99.90253411306043,99.58414554905784,99.92202729044834,0.6308056969363817,3.6868095263769334,Leeds United,English League Championship,England,https://sofifa.com/player/224294/lewis-cook/160002,mid_market
17,16,FIFA 16,male,193804,M. Tootle,Matthew James Anthony Tootle,24,RB,DEF,64,71,69.7175,525000.0,2000.0,104000.0,629000.0,0.629,99.89603638726446,99.87654320987654,99.87654320987654,0.6281889932001675,3.5210873144145154,Shrewsbury Town,English League One,England,https://sofifa.com/player/193804/matt-tootle/160002,mid_market
18,16,FIFA 16,male,228279,J. Drommel,Joël Drommel,18,GK,GK,65,83,72.00999999999999,925000.0,2000.0,104000.0,1029000.0,1.029,99.88953866146849,99.74009096816114,99.90253411306043,0.6280532394078092,3.6022028054227633,FC Twente,Holland Eredivisie,Netherlands,https://sofifa.com/player/228279/joel-drommel/160002,mid_market
19,16,FIFA 16,male,226789,A. Fulgini,Angelo Fulgini,18,RB,DEF,67,78,72.105,900000.0,3000.0,156000.0,1056000.0,1.056,99.88304093567251,99.71410006497726,99.89603638726446,0.6235812795441472,3.5808372003488955,Valenciennes FC,French Ligue 2,France,https://sofifa.com/player/226789/angelo-fulgini/160002,mid_market
20,16,FIFA 16,male,200759,J. Schlupp,Jeffrey Schlupp,22,LWB,DEF,69,79,74.63000000000001,1400000.0,8000.0,416000.0,1816000.0,1.816,99.87654320987654,99.34372969460689,99.91552956465237,0.6234171827433668,3.6700985425397334,Leicester City,English Premier League,Ghana,https://sofifa.com/player/200759/jeffrey-schlupp/160002,mid_market
1,17,FIFA 17,male,13743,S. Gerrard,Steven Gerrard,36,CM,MID,81,81,77.08,1400000.0,10000.0,520000.0,1920000.0,1.92,100.0,99.94793474488026,100.0,0.9346820395452617,5.38957551077722,LA Galaxy,USA Major League Soccer,England,https://sofifa.com/player/13743/steven-gerrard/170002,mid_market
2,17,FIFA 17,male,137199,F. Brienza,Franco Brienza,37,CM,MID,76,76,71.955,350000.0,6000.0,312000.0,662000.0,0.662,99.99421497165336,99.95950480157353,99.99421497165336,0.8760066666074273,4.895257559059658,Bari,Italian Serie B,Italy,https://sofifa.com/player/137199/franco-brienza/170002,mid_market
3,17,FIFA 17,male,10863,E. Maresca,Enzo Maresca,36,CM,MID,75,75,71.365,325000.0,5000.0,260000.0,585000.0,0.585,99.98842994330673,99.96528982992017,99.98842994330673,0.8701020839113107,4.843004181258479,Hellas Verona,Italian Serie B,Italy,https://sofifa.com/player/10863/enzo-maresca/170002,mid_market
4,17,FIFA 17,male,7763,A. Pirlo,Andrea Pirlo,37,CM,MID,82,82,76.425,1400000.0,10000.0,520000.0,1920000.0,1.92,99.98264491496009,99.87272937637395,99.98264491496009,0.8190502427197686,4.734575510777219,New York City FC,USA Major League Soccer,Italy,https://sofifa.com/player/7763/andrea-pirlo/170002,mid_market
5,17,FIFA 17,male,214489,M. Restrepo,Andrés Mauricio Restrepo Gómez,35,CDM,MID,66,66,64.505,110000.0,500.0,26000.0,136000.0,0.136,99.97685988661344,100.0,99.9710748582668,0.8183075809906494,4.327718083619679,La Equidad,Colombian Liga Postobón,Colombia,https://sofifa.com/player/214489/mauricio-restrepo/170002,low_perf_low_cost__budget_depth
6,17,FIFA 17,male,5471,F. Lampard,Frank Lampard,38,CM,MID,78,78,73.20500000000001,575000.0,8000.0,416000.0,991000.0,0.991,99.9710748582668,99.93636468818697,99.97685988661344,0.7761069320507618,4.390733519269844,New York City FC,USA Major League Soccer,England,https://sofifa.com/player/5471/frank-lampard/170002,mid_market
7,17,FIFA 17,male,176540,B. Castillo,Bréiner Clemente Castillo Caicedo,38,GK,GK,69,69,66.32000000000001,170000.0,1000.0,52000.0,222000.0,0.222,99.96528982992017,99.98264491496009,99.96528982992017,0.7493637959109534,4.011711769031201,Envigado FC,Colombian Liga Postobón,Colombia,https://sofifa.com/player/176540/breiner-castillo/170002,mid_market
8,17,FIFA 17,male,176611,M. Canchila,Marco Antonio Canchila Vásquez,35,CB,DEF,66,66,63.972500000000004,110000.0,500.0,26000.0,136000.0,0.136,99.95950480157353,99.99421497165336,99.95950480157353,0.7243015782279408,3.7952180836196874,Fortaleza CEIF,Colombian Liga Postobón,Colombia,https://sofifa.com/player/176611/marco-canchila/170002,low_perf_low_cost__budget_depth
9,17,FIFA 17,male,45073,K. Lasley,Keith Lasley,36,CM,MID,66,66,64.2925,50000.0,2000.0,104000.0,154000.0,0.154,99.9537197732269,99.97685988661344,99.9537197732269,0.6820299560604948,3.574673660727356,Motherwell,Scottish Premiership,Scotland,https://sofifa.com/player/45073/keith-lasley/170002,low_perf_low_cost__budget_depth
10,17,FIFA 17,male,179684,J. Castillo,Juan Guillermo Castillo Iriart,38,GK,GK,66,66,63.559999999999995,110000.0,500.0,26000.0,136000.0,0.136,99.94793474488026,99.9710748582668,99.90743954645379,0.6514800267920371,3.382718083619679,Patriotas Boyacá FC,Colombian Liga Postobón,Uruguay,https://sofifa.com/player/179684/juan-castillo/170002,low_perf_low_cost__budget_depth
11,17,FIFA 17,male,159591,A. Pérez,Andrés Eduardo Pérez Gutiérrez,35,CDM,MID,74,74,71.04499999999999,575000.0,3000.0,156000.0,731000.0,0.731,99.9421497165336,99.73967372440124,99.9421497165336,0.6365773254546557,3.5540819802051544,Deportivo Cali,Colombian Liga Postobón,Colombia,https://sofifa.com/player/159591/andres-perez/170002,mid_market
12,17,FIFA 17,male,201886,S. Xulu,Siyanda Xulu,24,CB,DEF,68,74,72.535,1000000.0,500.0,26000.0,1026000.0,1.026,99.93636468818697,99.46777739210923,99.94793474488026,0.6302485180809902,3.5697927532531963,Kaizer Chiefs,South African Premier Division,South Africa,https://sofifa.com/player/201886/siyanda-xulu/170002,mid_market
13,17,FIFA 17,male,230872,M. Svilar,Mile Svilar,16,GK,GK,63,83,70.11,575000.0,500.0,26000.0,601000.0,0.601,99.93057965984033,99.78595395117435,99.9247946314937,0.6271079111960817,3.4706598406378646,RSC Anderlecht,Belgian Jupiler Pro League,Belgium,https://sofifa.com/player/230872/mile-svilar/170002,mid_market
14,17,FIFA 17,male,13760,S. McPhail,Stephen McPhail,36,CM,MID,62,62,60.8575,25000.0,1000.0,52000.0,77000.0,0.077,99.9247946314937,99.98842994330673,99.81487909290756,0.6263790661775264,3.1540164284659866,Shamrock Rovers,Rep. Ireland Airtricity League,Republic of Ireland,https://sofifa.com/player/13760/stephen-mcphail/170002,low_perf_low_cost__budget_depth
15,17,FIFA 17,male,235835,A. Confente,Alessandro Confente,18,GK,GK,60,80,67.98,325000.0,1000.0,52000.0,377000.0,0.377,99.91900960314706,99.8958694897605,99.88429943306723,0.6216341543408289,3.368725763537597,Chievo Verona,Italian Serie A,Italy,https://sofifa.com/player/235835/alessandro-confente/170002,mid_market
16,17,FIFA 17,male,214114,L. Murillo,Luis Carlos Murillo,25,LB,DEF,68,72,72.38499999999999,900000.0,2000.0,104000.0,1004000.0,1.004,99.91322457480042,99.42728219368276,99.93057965984033,0.6209909818099044,3.5140564477241725,Once Caldas,Colombian Liga Postobón,Colombia,https://sofifa.com/player/214114/luis-carlos-murillo/170002,mid_market
17,17,FIFA 17,male,210724,C. Paterson,Callum Thomas Owen Paterson,21,RB,DEF,68,78,73.865,1200000.0,4000.0,208000.0,1408000.0,1.408,99.90743954645379,98.81406918893903,99.93636468818697,0.6135572738118475,3.5233820539369987,Heart of Midlothian,Scottish Premiership,Scotland,https://sofifa.com/player/210724/callum-paterson/170002,mid_market
18,17,FIFA 17,male,214383,H. Obando,Henry Yoseiner Obando Estacio,23,RB,DEF,67,74,72.17750000000001,875000.0,2000.0,104000.0,979000.0,0.979,99.90165451810714,99.27687145667014,99.91900960314706,0.6043953100615573,3.4162146458793927,Club Deportes Tolima,Colombian Liga Postobón,Colombia,https://sofifa.com/player/214383/henry-obando/170002,mid_market
19,17,FIFA 17,male,233997,Peter Torreiro,Peter Jose Torreiro Costa,24,GK,GK,69,69,72.00999999999999,925000.0,500.0,26000.0,951000.0,0.951,99.8958694897605,99.2421612865903,99.8958694897605,0.5978820404820143,3.374906692223192,Club de Regatas Vasco da Gama,Campeonato Brasileiro Série B,Brazil,https://sofifa.com/player/233997/peter-jose-torreiro-costa/170002,mid_market
20,17,FIFA 17,male,210403,D. Chouchoumis,Diamantis Chouchoumis,21,LB,DEF,69,77,73.5675,1300000.0,1000.0,52000.0,1352000.0,1.352,99.89008446141386,98.57688302672683,99.91322457480042,0.5932856173178862,3.4023799268659047,Panathinaikos FC,Greek Super League,Greece,https://sofifa.com/player/210403/diamantis-chouchoumis/170002,mid_market
1,18,FIFA 18,male,48717,Júlio César,Júlio César Soares de Espíndola,37,GK,GK,80,80,76.2,1000000.0,9000.0,468000.0,1468000.0,1.468,100.0,99.8588607237622,100.0,1.0965921631069557,6.072528342287654,SL Benfica,Portuguese Liga ZON SAGRES,Brazil,https://sofifa.com/player/48717/julio-cesar-soares-espindola/180002,mid_market
2,18,FIFA 18,male,155980,D. Bičík,David Bičík,36,GK,GK,68,68,66.19,120000.0,500.0,26000.0,146000.0,0.146,99.99435442895049,99.98306328685148,99.97741771580195,1.0209159877433414,5.289256832047897,AC Sparta Praha,Czech Republic Gambrinus Liga,Czech Republic,https://sofifa.com/player/155980/david-bicik/180002,mid_market
3,18,FIFA 18,male,16254,T. Howard,Timothy Matthew Howard,38,GK,GK,78,78,74.21000000000001,700000.0,6000.0,312000.0,1012000.0,1.012,99.98870885790097,99.87015186586123,99.98870885790097,1.0159005706676683,5.569538987025609,Colorado Rapids,USA Major League Soccer,United States,https://sofifa.com/player/16254/tim-howard/180002,mid_market
4,18,FIFA 18,male,176540,B. Castillo,Bréiner Clemente Castillo Caicedo,39,GK,GK,68,68,65.02,60000.0,1000.0,52000.0,112000.0,0.112,99.98306328685148,99.98870885790097,99.97177214475245,1.0085449190737759,5.179054073503536,Atlético Huila,Colombian Liga Postobón,Colombia,https://sofifa.com/player/176540/breiner-castillo/180002,low_perf_low_cost__budget_depth
5,18,FIFA 18,male,49031,S. Sorrentino,Stefano Sorrentino,38,GK,GK,79,79,75.26,850000.0,10000.0,520000.0,1370000.0,1.37,99.97741771580195,99.757240444871,99.98306328685148,0.9779078698048808,5.408725909774901,Chievo Verona,Italian Serie A,Italy,https://sofifa.com/player/49031/stefano-sorrentino/180002,mid_market
6,18,FIFA 18,male,1179,G. Buffon,Gianluigi Buffon,39,GK,GK,89,89,83.5,4500000.0,110000.0,5720000.0,10220000.0,10.22,99.97177214475245,94.6649353582115,99.99435442895049,0.9573729501773554,5.615325998835786,Juventus,Italian Serie A,Italy,https://sofifa.com/player/1179/gianluigi-buffon/180002,high_perf_high_cost__premium_star
7,18,FIFA 18,male,158132,D. Brückner,Daniel Brückner,36,LB,DEF,65,65,63.64,60000.0,500.0,26000.0,86000.0,0.086,99.96612657370292,99.99435442895049,99.95483543160391,0.9572720439576107,4.855026390494416,FC Rot-Weiß Erfurt,German 3. Bundesliga,Germany,https://sofifa.com/player/158132/daniel-bruckner/180002,low_perf_low_cost__budget_depth
8,18,FIFA 18,male,159436,R. Zapata,Robinson Zapata Montaño,38,GK,GK,69,69,66.35000000000001,70000.0,2000.0,104000.0,174000.0,0.174,99.96048100265342,99.95483543160391,99.94354428950489,0.917419620494627,4.747880450599425,Club Independiente Santa Fe,Colombian Liga Postobón,Colombia,https://sofifa.com/player/159436/robinson-zapata/180002,mid_market
9,18,FIFA 18,male,140271,J. Restrepo,John Javier Restrepo Pérez,39,CDM,MID,65,65,61.974999999999994,35000.0,500.0,26000.0,61000.0,0.061,99.95483543160391,100.0,99.93789871845537,0.9141267474335002,4.5630907379681105,Rionegro Águilas,Colombian Liga Postobón,Colombia,https://sofifa.com/player/140271/javier-restrepo/180002,low_perf_low_cost__budget_depth
10,18,FIFA 18,male,216692,S. Torrico,Sebastián Alberto Torrico,37,GK,GK,77,77,73.98,600000.0,10000.0,520000.0,1120000.0,1.12,99.9491898605544,99.66691130807881,99.96612657370292,0.8974581976521979,4.934178135595374,San Lorenzo de Almagro,Argentina Primera División,Argentina,https://sofifa.com/player/216692/sebastian-torrico/180002,mid_market
11,18,FIFA 18,male,5479,Casillas,Iker Casillas Fernández,36,GK,GK,83,83,78.94,3500000.0,10000.0,520000.0,4020000.0,4.02,99.94354428950489,96.2231129678767,99.9491898605544,0.8334611240588227,4.785382817037302,FC Porto,Portuguese Liga ZON SAGRES,Spain,https://sofifa.com/player/5479/iker-casillas-fernandez/180002,high_perf_high_cost__premium_star
12,18,FIFA 18,male,205530,M. Pigliacelli,Mirko Pigliacelli,24,GK,GK,68,76,73.62,975000.0,3000.0,156000.0,1131000.0,1.131,99.93789871845537,99.48060746344493,99.93225314740586,0.8246231015384687,4.535107180890336,Pescara,Italian Serie B,Italy,https://sofifa.com/player/205530/mirko-pigliacelli/180002,mid_market
13,18,FIFA 18,male,117063,N. Douchez,Nicolas Douchez,37,GK,GK,73,73,70.5,275000.0,5000.0,260000.0,535000.0,0.535,99.93225314740586,99.81369615536612,99.91531643425733,0.8231017196917647,4.407700068141736,Racing Club de Lens,French Ligue 2,France,https://sofifa.com/player/117063/nicolas-douchez/180002,mid_market
14,18,FIFA 18,male,52491,E. Bugge Pettersen,Espen Bugge Pettersen,37,GK,GK,65,65,62.94,35000.0,1000.0,52000.0,87000.0,0.087,99.92660757635635,99.97741771580195,99.87579743691074,0.8212731485333198,4.108810909736192,Strømsgodset IF,Norwegian Eliteserien,Norway,https://sofifa.com/player/52491/espen-bugge-pettersen/180002,low_perf_low_cost__budget_depth
15,18,FIFA 18,male,214489,M. Restrepo,Andrés Mauricio Restrepo Gómez,36,CDM,MID,66,66,64.135,90000.0,500.0,26000.0,116000.0,0.116,99.92096200530683,99.96612657370292,99.88708857900977,0.8211305939487918,4.153772813276106,La Equidad,Colombian Liga Postobón,Colombia,https://sofifa.com/player/214489/mauricio-restrepo/180002,low_perf_low_cost__budget_depth
16,18,FIFA 18,male,214582,C. Bonilla,Cristian Harson Bonilla Garzón,24,GK,GK,69,76,73.58,1100000.0,1000.0,52000.0,1152000.0,1.152,99.91531643425733,99.3676960424547,99.92096200530683,0.8034481624662271,4.421561188240275,La Equidad,Colombian Liga Postobón,Colombia,https://sofifa.com/player/214582/cristian-bonilla/180002,mid_market
17,18,FIFA 18,male,156358,M. Muñoz,Moisés Alberto Muñoz Rodríguez,37,GK,GK,72,72,69.27,210000.0,4000.0,208000.0,418000.0,0.418,99.90967086320781,99.83063286851464,99.89837972110878,0.7859774268365196,4.164257012681645,Puebla FC,Mexican Liga MX,Mexico,https://sofifa.com/player/156358/moises-munoz/180002,mid_market
18,18,FIFA 18,male,214093,C. Giraldo,Carlos Alberto Giraldo Quiroga,37,CDM,MID,66,66,63.150000000000006,45000.0,1000.0,52000.0,97000.0,0.097,99.90402529215831,99.96048100265342,99.80240501326709,0.7772309707041949,3.8838608975358397,Deportivo Pasto,Colombian Liga Postobón,Colombia,https://sofifa.com/player/214093/carlos-giraldo/180002,low_perf_low_cost__budget_depth
19,18,FIFA 18,male,209002,M. Sayouba,Mandé Sayouba,24,GK,GK,69,74,73.23,1000000.0,2000.0,104000.0,1104000.0,1.104,99.89837972110878,99.23784790831593,99.90402529215831,0.7719789765157017,4.241699087442825,Stabæk Fotball,Norwegian Eliteserien,Côte d'Ivoire,https://sofifa.com/player/209002/mande-sayouba/180002,mid_market
20,18,FIFA 18,male,200389,J. Oblak,Jan Oblak,24,GK,GK,88,93,89.91,57000000.0,80000.0,4160000.0,61160000.0,61.16,99.89273415005928,60.385027945576695,99.96048100265342,0.7706840046199148,4.872960134686124,Atlético de Madrid,Spain Primera Division,Slovenia,https://sofifa.com/player/200389/jan-oblak/180002,high_perf_high_cost__premium_star
1,19,FIFA 19,male,214503,L. Delgado,Luis Enrique Delgado Mantilla,37,GK,GK,67,67,65.03999999999999,50000.0,500.0,26000.0,76000.0,0.076,100.0,100.0,100.0,1.271265178169041,6.589767418208467,Atlético Bucaramanga,Colombian Liga Postobón,Colombia,https://sofifa.com/player/214503/luis-delgado/190002,low_perf_low_cost__budget_depth
2,19,FIFA 19,male,155980,D. Bičík,David Bičík,37,GK,GK,66,66,63.959999999999994,45000.0,500.0,26000.0,71000.0,0.071,99.99439587536428,99.99439587536428,99.98879175072854,1.126760581522594,5.782435807862697,AC Sparta Praha,Czech Republic Gambrinus Liga,Czech Republic,https://sofifa.com/player/155980/david-bicik/190002,low_perf_low_cost__budget_depth
3,19,FIFA 19,male,5479,Casillas,Iker Casillas Fernández,37,GK,GK,82,82,77.85,1500000.0,10000.0,520000.0,2020000.0,2.02,99.98879175072854,99.79825151311366,99.99439587536428,1.1169913956266724,6.257253124260899,FC Porto,Portuguese Liga ZON SAGRES,Spain,https://sofifa.com/player/5479/iker-casillas-fernandez/190002,mid_market
4,19,FIFA 19,male,188017,A. Pomini,Alberto Pomini,37,GK,GK,68,68,65.76,60000.0,1000.0,52000.0,112000.0,0.112,99.9831876260928,99.9831876260928,99.9831876260928,1.1089290112632388,5.756111156068421,Palermo,Italian Serie B,Italy,https://sofifa.com/player/188017/alberto-pomini/190002,mid_market
5,19,FIFA 19,male,205951,Rafinha,Rafael Scapini de Almeida,36,RB,DEF,68,68,66.085,100000.0,500.0,26000.0,126000.0,0.126,99.97758350145706,99.97197937682134,99.97758350145706,1.0789030770333465,5.609189876685193,HJK Helsinki,Finnish Veikkausliiga,Brazil,https://sofifa.com/player/205951/rafael-scapini-de-almeida/190002,mid_market
6,19,FIFA 19,male,204534,N. Ramos,Nelson Fernando Ramos Betancourt,36,GK,GK,67,67,65.59,100000.0,500.0,26000.0,126000.0,0.126,99.97197937682134,99.95516700291415,99.96637525218561,0.9891076782161662,5.114189876685202,Atlético Bucaramanga,Colombian Liga Postobón,Colombia,https://sofifa.com/player/204534/nelson-ramos/190002,mid_market
7,19,FIFA 19,male,142333,M. McNulty,Mark McNulty,37,GK,GK,64,64,62.099999999999994,30000.0,500.0,26000.0,56000.0,0.056,99.96637525218561,99.98879175072854,99.93835462900695,0.9686424856272786,4.873331526192928,Cork City,Rep. Ireland Airtricity League,Republic of Ireland,https://sofifa.com/player/142333/mark-mcnulty/190002,low_perf_low_cost__budget_depth
8,19,FIFA 19,male,159265,C. Puggioni,Christian Puggioni,37,GK,GK,71,71,68.46,160000.0,2000.0,104000.0,264000.0,0.264,99.96077112754988,99.91033400582829,99.95516700291415,0.9509356132322979,5.020557042185381,Benevento,Italian Serie B,Italy,https://sofifa.com/player/159265/christian-puggioni/190002,mid_market
9,19,FIFA 19,male,215085,R. Naranjo,Rodrigo Felipe Naranjo López,38,GK,GK,67,67,64.46000000000001,50000.0,1000.0,52000.0,102000.0,0.102,99.95516700291415,99.96077112754988,99.93275050437121,0.9437595379134687,4.830841654115055,Deportes Iquique,Chilian Campeonato Nacional,Chile,https://sofifa.com/player/215085/rodrigo-naranjo/190002,low_perf_low_cost__budget_depth
10,19,FIFA 19,male,49031,S. Sorrentino,Stefano Sorrentino,39,GK,GK,80,80,75.7,1000000.0,10000.0,520000.0,1520000.0,1.52,99.94956287827841,99.64133602331316,99.97197937682134,0.9418209595340329,5.246716146351545,Chievo Verona,Italian Serie A,Italy,https://sofifa.com/player/49031/stefano-sorrentino/190002,mid_market
11,19,FIFA 19,male,176540,B. Castillo,Bréiner Clemente Castillo Caicedo,40,GK,GK,66,66,62.88,45000.0,500.0,26000.0,71000.0,0.071,99.94395875364268,99.97758350145706,99.92714637973549,0.9308433477396527,4.702435807862706,Atlético Huila,Colombian Liga Postobón,Colombia,https://sofifa.com/player/176540/breiner-castillo/190002,low_perf_low_cost__budget_depth
12,19,FIFA 19,male,14907,A. Bizzarri,Albano Benjamín Bizzarri,40,GK,GK,76,76,71.82,525000.0,2000.0,104000.0,629000.0,0.629,99.93835462900695,99.80945976238512,99.94956287827841,0.9045593899433284,4.901991186047837,Foggia,Italian Serie B,Argentina,https://sofifa.com/player/14907/albano-bizzarri/190002,mid_market
13,19,FIFA 19,male,214093,C. Giraldo,Carlos Alberto Giraldo Quiroga,38,CDM,MID,65,65,62.0,35000.0,500.0,26000.0,61000.0,0.061,99.93275050437121,99.96637525218561,99.91033400582829,0.8858924297152826,4.430672819219353,Deportivo Pasto,Colombian Liga Postobón,Colombia,https://sofifa.com/player/214093/carlos-giraldo/190002,low_perf_low_cost__budget_depth
14,19,FIFA 19,male,164,G. Pinzi,Giampiero Pinzi,37,CDM,MID,70,70,67.305,120000.0,2000.0,104000.0,224000.0,0.224,99.92714637973549,99.89352163192109,99.92154225509975,0.8655409147766603,4.523872899099381,Padova,Italian Serie B,Italy,https://sofifa.com/player/164/giampiero-pinzi/190002,mid_market
15,19,FIFA 19,male,1179,G. Buffon,Gianluigi Buffon,40,GK,GK,88,88,82.25999999999999,4000000.0,80000.0,4160000.0,8160000.0,8.16,99.92154225509975,92.68661735036987,99.96077112754988,0.8622198782386743,5.073266800815787,Paris Saint-Germain,French Ligue 1,Italy,https://sofifa.com/player/1179/gianluigi-buffon/190002,high_perf_high_cost__premium_star
16,19,FIFA 19,male,149721,G. Rogers,Gary Rogers,36,GK,GK,65,65,63.730000000000004,70000.0,500.0,26000.0,96000.0,0.096,99.91593813046403,99.94956287827841,99.88231338264964,0.8571344999088402,4.343745912272311,Dundalk FC,Rep. Ireland Airtricity League,Republic of Ireland,https://sofifa.com/player/149721/gary-rogers/190002,low_perf_low_cost__budget_depth
17,19,FIFA 19,male,142998,C. Muñoz,Cristian Fernando Muñoz Hoffman,41,GK,GK,68,68,64.37,60000.0,1000.0,52000.0,112000.0,0.112,99.91033400582829,99.93275050437121,99.89912575655683,0.8567762751907476,4.3661111560684205,CD Universidad de Concepción,Chilian Campeonato Nacional,Argentina,https://sofifa.com/player/142998/cristian-munoz/190002,low_perf_low_cost__budget_depth
18,19,FIFA 19,male,110606,A. Mannus,Alan Mannus,36,GK,GK,65,65,63.7,70000.0,500.0,26000.0,96000.0,0.096,99.90472988119255,99.94395875364268,99.87670925801389,0.8516923545259804,4.31374591227231,Shamrock Rovers,Rep. Ireland Airtricity League,Northern Ireland,https://sofifa.com/player/110606/alan-mannus/190002,low_perf_low_cost__budget_depth
19,19,FIFA 19,male,32740,J. Wiland,Johan Wiland,37,GK,GK,71,71,68.61,160000.0,3000.0,156000.0,316000.0,0.316,99.89912575655683,99.87110513337817,99.91593813046403,0.8423159015489676,4.450176431089417,Hammarby IF,Swedish Allsvenskan,Sweden,https://sofifa.com/player/32740/johan-wiland/190002,mid_market
20,19,FIFA 19,male,142775,A. Orión,Agustín Ignacio Orión,37,GK,GK,71,71,68.58,160000.0,3000.0,156000.0,316000.0,0.316,99.89352163192109,99.86550100874243,99.90472988119255,0.8368737561661079,4.420176431089416,Colo-Colo,Chilian Campeonato Nacional,Argentina,https://sofifa.com/player/142775/agustin-orion/190002,mid_market
1,20,FIFA 20,male,5479,Casillas,Iker Casillas Fernández,38,GK,GK,83,83,78.38000000000001,2600000.0,11000.0,572000.0,3172000.0,3.172,100.0,97.91038227389897,100.0,0.9005401789957519,5.055881466296171,FC Porto,Portuguese Liga ZON SAGRES,Spain,https://sofifa.com/player/5479/iker-casillas-fernandez/200002,high_perf_high_cost__premium_star
2,20,FIFA 20,male,214222,L. Giovini,Lucas Raúl Giovini Schiapino,37,GK,GK,65,65,63.09,50000.0,500.0,26000.0,76000.0,0.076,99.9945154390391,100.0,99.98903087807821,0.8848700407413224,4.426143448292535,Unión La Calera,Chilian Campeonato Nacional,Argentina,https://sofifa.com/player/214222/lucas-giovini/200002,low_perf_low_cost__budget_depth
3,20,FIFA 20,male,188017,A. Pomini,Alberto Pomini,38,GK,GK,68,68,65.39,90000.0,900.0,46800.0,136800.0,0.1368,99.98903087807821,99.97257719519553,99.98354631711732,0.8673912627215641,4.416799284501202,Venezia FC,Italian Serie B,Italy,https://sofifa.com/player/188017/alberto-pomini/200002,low_perf_low_cost__budget_depth
4,20,FIFA 20,male,110606,A. Mannus,Alan Mannus,37,GK,GK,66,66,63.989999999999995,70000.0,600.0,31200.0,101200.0,0.1012,99.98354631711732,99.98354631711732,99.96709263423463,0.8358250736187872,4.201049335129227,Shamrock Rovers,Rep. Ireland Airtricity League,Northern Ireland,https://sofifa.com/player/110606/alan-mannus/200002,low_perf_low_cost__budget_depth
5,20,FIFA 20,male,214503,L. Delgado,Luis Enrique Delgado Mantilla,38,GK,GK,65,65,62.72,50000.0,500.0,26000.0,76000.0,0.076,99.97806175615642,99.9945154390391,99.93418526846925,0.8168743098617786,4.056143448292531,Rionegro Águilas,Colombian Liga Postobón,Colombia,https://sofifa.com/player/214503/luis-delgado/200002,low_perf_low_cost__budget_depth
6,20,FIFA 20,male,243585,G. Bazunu,Gavin Okeroghene Bazunu,17,GK,GK,59,84,68.27,275000.0,500.0,26000.0,301000.0,0.301,99.97257719519553,99.87933965886032,99.96160807327374,0.806128835414672,4.198506431181741,Manchester City,English Premier League,Republic of Ireland,https://sofifa.com/player/243585/gavin-bazunu/200002,mid_market
7,20,FIFA 20,male,187959,M. Peškovič,Michal Peškovič,37,GK,GK,67,67,64.86,80000.0,1000.0,52000.0,132000.0,0.132,99.96709263423463,99.96160807327374,99.92870070750837,0.796738972709435,4.027131750882987,Cracovia,Polish T-Mobile Ekstraklasa,Slovakia,https://sofifa.com/player/187959/michal-peskovic/200002,low_perf_low_cost__budget_depth
8,20,FIFA 20,male,155980,D. Bičík,David Bičík,38,GK,GK,66,66,63.559999999999995,70000.0,500.0,26000.0,96000.0,0.096,99.96160807327374,99.97806175615642,99.90676246366479,0.7963044443163974,3.978300015544818,AC Sparta Praha,Czech Republic Gambrinus Liga,Czech Republic,https://sofifa.com/player/155980/david-bicik/200002,low_perf_low_cost__budget_depth
9,20,FIFA 20,male,138247,K. Stuhr-Ellegaard,Kevin Stuhr-Ellegaard,36,GK,GK,69,69,67.12,180000.0,1000.0,52000.0,232000.0,0.232,99.95612351231284,99.92321614654746,99.93966982943016,0.7897681623428718,4.071486973977386,IF Elfsborg,Swedish Allsvenskan,Denmark,https://sofifa.com/player/138247/kevin-stuhr-ellegaard/200002,mid_market
10,20,FIFA 20,male,200389,J. Oblak,Jan Oblak,26,GK,GK,91,93,91.03,77500000.0,125000.0,6500000.0,84000000.0,84.0,99.95063895135195,48.615148357374,99.9945154390391,0.7717126856485272,4.832953077653798,Atlético de Madrid,Spain Primera Division,Slovenia,https://sofifa.com/player/200389/jan-oblak/200002,high_perf_high_cost__premium_star
11,20,FIFA 20,male,146748,Diego López,Diego López Rodríguez,37,GK,GK,80,80,76.47,1500000.0,17000.0,884000.0,2384000.0,2.384,99.94515439039104,96.35825152196567,99.97806175615642,0.7633913136224723,4.2679122402636125,RCD Espanyol de Barcelona,Spain Primera Division,Spain,https://sofifa.com/player/146748/diego-lopez-rodriguez/200002,mid_market
12,20,FIFA 20,male,215363,L. Montipò,Lorenzo Montipò,23,GK,GK,69,79,74.30000000000001,1300000.0,2000.0,104000.0,1404000.0,1.404,99.93966982943016,98.48077661383206,99.94515439039104,0.7610830281521053,4.178095563351974,Benevento,Italian Serie B,Italy,https://sofifa.com/player/215363/lorenzo-montipo/200002,mid_market
13,20,FIFA 20,male,215085,R. Naranjo,Rodrigo Felipe Naranjo López,39,GK,GK,67,67,64.06,80000.0,650.0,33800.0,113800.0,0.1138,99.93418526846925,99.96709263423463,99.87933965886032,0.7608180144633244,3.810019297961759,Deportes Iquique,Chilian Campeonato Nacional,Chile,https://sofifa.com/player/215085/rodrigo-naranjo/200002,low_perf_low_cost__budget_depth
14,20,FIFA 20,male,220720,A. Fulignati,Andrea Fulignati,24,GK,GK,68,75,72.8,950000.0,1000.0,52000.0,1002000.0,1.002,99.92870070750837,99.06762463664784,99.91773158558658,0.7380292866644564,4.0034266321616485,Ascoli,Italian Serie B,Italy,https://sofifa.com/player/220720/andrea-fulignati/200002,mid_market
15,20,FIFA 20,male,149721,G. Rogers,Gary Rogers,37,GK,GK,63,63,61.379999999999995,35000.0,500.0,26000.0,61000.0,0.061,99.92321614654746,99.98903087807821,99.7751330006033,0.7352570803233525,3.5799411624071737,Dundalk FC,Rep. Ireland Airtricity League,Republic of Ireland,https://sofifa.com/player/149721/gary-rogers/200002,low_perf_low_cost__budget_depth
16,20,FIFA 20,male,213736,J. Gonzalez,Jesse Gonzalez,24,GK,GK,69,76,73.7,1100000.0,3000.0,156000.0,1256000.0,1.256,99.91773158558658,98.42044644326222,99.92321614654746,0.7342355490114982,4.01575042002284,FC Dallas,USA Major League Soccer,United States,https://sofifa.com/player/213736/jesse-gonzalez/200002,mid_market
17,20,FIFA 20,male,224846,K. Kotsaris,Konstantinos Kotsaris,22,GK,GK,68,78,73.25,1100000.0,500.0,26000.0,1126000.0,1.126,99.91224702462567,98.73306641803323,99.91224702462567,0.7333568460431792,3.9950260393402175,Panathinaikos FC,Rest of World,Greece,https://sofifa.com/player/224846/konstantinos-kotsaris/200002,mid_market
18,20,FIFA 20,male,235629,O. De Wolf,Ortwin De Wolf,22,GK,GK,69,76,73.79,1100000.0,4000.0,208000.0,1308000.0,1.308,99.90676246366479,98.05298085888225,99.9012779027039,0.720396664232777,3.9463652953492527,KAS Eupen,Belgian Jupiler Pro League,Belgium,https://sofifa.com/player/235629/ortwin-de-wolf/200002,mid_market
19,20,FIFA 20,male,205951,Rafinha,Rafael Scapini de Almeida,37,CB,DEF,66,66,63.91499999999999,90000.0,500.0,26000.0,116000.0,0.116,99.9012779027039,99.94515439039104,99.7861021225251,0.7198325852265615,3.5897902798172865,HJK Helsinki,Rest of World,Brazil,https://sofifa.com/player/205951/rafael-scapini-de-almeida/200002,low_perf_low_cost__budget_depth
20,20,FIFA 20,male,213729,S. Rossbach,Sondre Løvseth Rossbach,23,GK,GK,69,77,73.77000000000001,1200000.0,2000.0,104000.0,1304000.0,1.304,99.89579334174299,98.04201173696046,99.89579334174299,0.7190147628995865,3.938398743033858,Odds BK,Norwegian Eliteserien,Norway,https://sofifa.com/player/213729/sondre-lovseth-rossbach/200002,mid_market
1,21,FIFA 21,male,253632,M. Sotillo,Michael Anthony Sotillo Cañari,35,GK,GK,70,70,68.6,180000.0,500.0,26000.0,206000.0,0.206,100.0,100.0,100.0,1.4870529800208863,7.89550656074141,Deportivo Binacional,Peruvian Primera División,Peru,https://sofifa.com/player/253632/michael-sotillo/210002,mid_market
2,21,FIFA 21,male,165493,N. Navarro,Nicolás Gastón Navarro,35,GK,GK,70,70,68.48,180000.0,500.0,26000.0,206000.0,0.206,99.99465440744106,99.99465440744106,99.99465440744106,1.465076016252756,7.7755065607414195,Club Atlético Tigre,Argentina Primera División,Argentina,https://sofifa.com/player/165493/nicolas-navarro/210002,mid_market
3,21,FIFA 21,male,223843,D. Frascarelli,Damián Andrés Frascarelli Gutiérrez,35,GK,GK,70,70,68.39,180000.0,500.0,26000.0,206000.0,0.206,99.98930881488212,99.98930881488212,99.98930881488212,1.4485932934266565,7.685506560741416,Sociedad Deportiva Aucas,Ecuadorian Serie A,Uruguay,https://sofifa.com/player/223843/damian-frascarelli/210002,mid_market
4,21,FIFA 21,male,164853,A. Federici,Adam Federici,35,GK,GK,70,70,68.6,180000.0,1000.0,52000.0,232000.0,0.232,99.9839632223232,99.97327203720533,99.9839632223232,1.3893255747650255,7.376357850025052,Macarthur FC,Australian Hyundai A-League,Australia,https://sofifa.com/player/164853/adam-federici/210002,mid_market
5,21,FIFA 21,male,182270,W. Sandilands,Wayne Sandilands,36,GK,GK,69,69,67.33,150000.0,500.0,26000.0,176000.0,0.176,99.97861762976426,99.97861762976426,99.97861762976426,1.3838708388958414,7.312946082783348,Orlando Pirates,South African Premier Division,South Africa,https://sofifa.com/player/182270/wayne-sandilands/210002,mid_market
6,21,FIFA 21,male,219918,O. Cabral,Osvaldo Ramón Cabral,35,GK,GK,68,68,66.71,130000.0,500.0,26000.0,156000.0,0.156,99.97327203720533,99.9839632223232,99.97327203720533,1.369503099496824,7.219810789528921,Club River Plate Asunción,Paraguayan Primera División,Argentina,https://sofifa.com/player/219918/osvaldo-cabral/210002,mid_market
7,21,FIFA 21,male,198653,M. Silva,Martín Andrés Silva Leites,37,GK,GK,73,73,70.53,350000.0,500.0,26000.0,376000.0,0.376,99.9679264446464,99.94119848185171,99.9679264446464,1.3457883423784511,7.1974092695646235,Club Libertad,Paraguayan Primera División,Uruguay,https://sofifa.com/player/198653/martin-silva/210002,mid_market
8,21,FIFA 21,male,214110,J. Cuadrado,José Fernando Cuadrado Romero,35,GK,GK,69,69,67.64,150000.0,1000.0,52000.0,202000.0,0.202,99.96258085208746,99.96258085208746,99.96258085208746,1.32735930431656,7.0211502281662845,Atlético Nacional,Colombian Liga Postobón,Colombia,https://sofifa.com/player/214110/jose-cuadrado/210002,mid_market
9,21,FIFA 21,male,228232,L. Azcona,Librado Daniel Azcona Salinas,36,GK,GK,68,68,66.37,130000.0,500.0,26000.0,156000.0,0.156,99.95723525952852,99.9679264446464,99.95723525952852,1.3072350354871192,6.879810789528932,Club Olimpia,Paraguayan Primera División,Ecuador,https://sofifa.com/player/228232/librado-azcona/210002,mid_market
10,21,FIFA 21,male,183315,D. González,David González Giraldo,37,GK,GK,71,71,68.55,210000.0,1000.0,52000.0,262000.0,0.262,99.95188966696958,99.94654407441065,99.95188966696958,1.2801833528075923,6.795215500456003,Deportivo Cali,Colombian Liga Postobón,Colombia,https://sofifa.com/player/183315/david-gonzalez/210002,mid_market
11,21,FIFA 21,male,164505,B. Guzan,Bradley Guzan,35,GK,GK,72,72,70.33999999999999,250000.0,3000.0,156000.0,406000.0,0.406,99.94654407441065,99.88774255626237,99.94119848185171,1.2478761597390116,6.672127281338611,Atlanta United,USA Major League Soccer,United States,https://sofifa.com/player/164505/brad-guzan/210002,mid_market
12,21,FIFA 21,male,186681,Alberto,Alberto García Cabrera,35,GK,GK,72,72,70.31,250000.0,3000.0,156000.0,406000.0,0.406,99.94119848185171,99.87705137114449,99.93585288929278,1.2423819187969811,6.642127281338624,Rayo Vallecano,Spanish Segunda División,Spain,https://sofifa.com/player/186681/alberto-garcia-cabrera/210002,mid_market
13,21,FIFA 21,male,142902,A. Pyatov,Andriy Pyatov,36,GK,GK,76,76,73.60000000000001,825000.0,500.0,26000.0,851000.0,0.851,99.93585288929278,99.74341155717111,99.94654407441065,1.2364405153631775,6.699771053031682,Shakhtar Donetsk,Ukrainian Premier League,Ukraine,https://sofifa.com/player/142902/andriy-pyatov/210002,mid_market
14,21,FIFA 21,male,241769,D. Akpeyi,Daniel Akpeyi,34,GK,GK,73,73,71.67,525000.0,650.0,33800.0,558800.0,0.5588,99.93050729673384,99.82359544555514,99.93050729673384,1.2288119593536169,6.606916110119158,Kaizer Chiefs,South African Premier Division,Nigeria,https://sofifa.com/player/241769/daniel-akpeyi/210002,mid_market
15,21,FIFA 21,male,203928,R. Fernández,Raúl Omar Fernández Valverde,34,GK,GK,71,71,69.53999999999999,325000.0,500.0,26000.0,351000.0,0.351,99.9251617041749,99.88239696370343,99.9251617041749,1.2210480956045857,6.507919540792287,Deportivo Binacional,Peruvian Primera División,Peru,https://sofifa.com/player/203928/raul-fernandez/210002,mid_market
16,21,FIFA 21,male,135043,A. Lindegaard,Anders Rosenkrantz Lindegaard,36,GK,GK,67,67,65.53,110000.0,700.0,36400.0,146400.0,0.1464,99.91981611161597,99.95723525952852,99.91447051905705,1.2056167573548504,6.317216996019724,Helsingborgs IF,Swedish Allsvenskan,Denmark,https://sofifa.com/player/135043/anders-lindegaard/210002,mid_market
17,21,FIFA 21,male,177299,A. Gabbarini,Adrián José Gabbarini,34,GK,GK,73,73,71.43,525000.0,600.0,31200.0,556200.0,0.5562,99.91447051905705,99.75944833484792,99.91981611161597,1.1886925139564755,6.387285692771826,LDU Quito,Ecuadorian Serie A,Argentina,https://sofifa.com/player/177299/adrian-gabbarini/210002,mid_market
18,21,FIFA 21,male,162052,D. Ousted,David Ousted Hansen,35,GK,GK,67,67,65.81,110000.0,1000.0,52000.0,162000.0,0.162,99.90912492649811,99.9251617041749,99.90377933393917,1.173645914303051,6.154973074938383,Hammarby IF,Swedish Allsvenskan,Denmark,https://sofifa.com/player/162052/david-ousted/210002,mid_market
19,21,FIFA 21,male,161663,S. Viera,Mario Sebastián Viera Galain,37,GK,GK,73,73,70.38,350000.0,2000.0,104000.0,454000.0,0.454,99.90377933393917,99.76479392740686,99.90912492649811,1.1633259187590028,6.22406303154213,Junior FC,Colombian Liga Postobón,Uruguay,https://sofifa.com/player/161663/sebastian-viera/210002,mid_market
20,21,FIFA 21,male,148729,I. Austbø,Iven Austbø,35,GK,GK,66,66,64.82,90000.0,800.0,41600.0,131600.0,0.1316,99.89843374138023,99.95188966696958,99.89308814882129,1.1632123546548134,6.072704719660663,Viking FK,Norwegian Eliteserien,Norway,https://sofifa.com/player/148729/iven-austbo/210002,low_perf_low_cost__budget_depth
1,22,FIFA 22,male,177299,A. Gabbarini,Adrián José Gabbarini,35,GK,GK,72,72,70.16,250000.0,500.0,26000.0,276000.0,0.276,100.0,100.0,100.0,1.5398676708581052,8.112258457197036,LDU Quito,Ecuadorian Serie A,Argentina,https://sofifa.com/player/177299/adrian-gabbarini/220002,mid_market
2,22,FIFA 22,male,182959,A. Hruška,Aleš Hruška,35,GK,GK,71,71,69.23,210000.0,500.0,26000.0,236000.0,0.236,99.99479464889906,99.99479464889906,99.99479464889906,1.4978738311437316,7.866390185961862,FC Viktoria Plzeň,Czech Republic Gambrinus Liga,Czech Republic,https://sofifa.com/player/182959/ales-hruska/220002,mid_market
3,22,FIFA 22,male,182270,W. Sandilands,Wayne Sandilands,37,GK,GK,71,71,68.67,210000.0,500.0,26000.0,236000.0,0.236,99.98958929779813,99.9687678933944,99.9843839466972,1.3940396437895535,7.30639018596186,Orlando Pirates,South African Premier Division,South Africa,https://sofifa.com/player/182270/wayne-sandilands/220002,mid_market
4,22,FIFA 22,male,241769,D. Akpeyi,Daniel Akpeyi,35,GK,GK,74,74,72.02,475000.0,500.0,26000.0,501000.0,0.501,99.9843839466972,99.91150903128417,99.98958929779813,1.3880181769454247,7.367124319121189,Kaizer Chiefs,South African Premier Division,Nigeria,https://sofifa.com/player/241769/daniel-akpeyi/220002,mid_market
5,22,FIFA 22,male,223843,D. Frascarelli,Damián Andrés Frascarelli Gutiérrez,36,GK,GK,70,70,67.99,180000.0,500.0,26000.0,206000.0,0.206,99.97917859559628,99.97397324449534,99.97397324449534,1.3812262647568392,7.220450766583802,Sociedad Deportiva Aucas,Ecuadorian Serie A,Uruguay,https://sofifa.com/player/223843/damian-frascarelli/220002,mid_market
6,22,FIFA 22,male,186655,J. Carvallo,José Aurelio Carvallo Alonso,35,GK,GK,68,68,66.67999999999999,130000.0,500.0,26000.0,156000.0,0.156,99.97397324449534,99.98958929779813,99.9687678933944,1.3699597721758083,7.125263543086653,Club Universitario de Deportes,Peruvian Primera División,Peru,https://sofifa.com/player/186655/jose-carvallo/220002,mid_market
7,22,FIFA 22,male,165247,I. Khune,Itumeleng Khune,34,GK,GK,71,71,70.32,325000.0,500.0,26000.0,351000.0,0.351,99.9687678933944,99.93753578678883,99.97917859559628,1.3692580470667608,7.221888958741182,Kaizer Chiefs,South African Premier Division,South Africa,https://sofifa.com/player/165247/itumeleng-khune/220002,mid_market
8,22,FIFA 22,male,219918,O. Cabral,Osvaldo Ramón Cabral,36,GK,GK,69,69,67.15,150000.0,500.0,26000.0,176000.0,0.176,99.96356254229349,99.97917859559628,99.96356254229349,1.3566056615973554,7.068178186658287,12 de Octubre FC,Paraguayan Primera División,Argentina,https://sofifa.com/player/219918/osvaldo-cabral/220002,mid_market
9,22,FIFA 22,male,189024,M. Banguera,Máximo Orlando Banguera Valdivieso,35,GK,GK,67,67,65.83999999999999,110000.0,500.0,26000.0,136000.0,0.136,99.95835719119255,99.9843839466972,99.95835719119255,1.32851688787018,6.884764895850495,Guayaquil City FC,Ecuadorian Serie A,Ecuador,https://sofifa.com/player/189024/maximo-banguera/220002,mid_market
10,22,FIFA 22,male,163616,J. Young,Jamie Young,35,GK,GK,68,68,66.47,130000.0,750.0,39000.0,169000.0,0.169,99.9531518400916,99.94274113788974,99.9531518400916,1.2643347413277575,6.565516069531846,Western United FC,Australian Hyundai A-League,England,https://sofifa.com/player/163616/jamie-young/220002,mid_market
11,22,FIFA 22,male,225983,S. Mpontshane,Siyabonga Mpontshane,35,GK,GK,65,65,64.16,80000.0,500.0,26000.0,106000.0,0.106,99.94794648899068,99.96356254229349,99.93753578678883,1.2246468518357496,6.293713597758952,Orlando Pirates,South African Premier Division,South Africa,https://sofifa.com/player/225983/siyabonga-mpontshane/220002,low_perf_low_cost__budget_depth
12,22,FIFA 22,male,142902,A. Pyatov,Andriy Pyatov,37,GK,GK,75,75,72.3,625000.0,500.0,26000.0,651000.0,0.651,99.94274113788974,99.79178595596274,99.94794648899068,1.2217305892194936,6.5027289341129375,Shakhtar Donetsk,Ukrainian Premier League,Ukraine,https://sofifa.com/player/142902/andriy-pyatov/220002,mid_market
13,22,FIFA 22,male,198355,S. Clark,Steve Clark,35,GK,GK,72,72,70.16,250000.0,3000.0,156000.0,406000.0,0.406,99.93753578678883,99.85945552027485,99.94274113788974,1.2183122932456558,6.42583043100538,Portland Timbers,USA Major League Soccer,United States,https://sofifa.com/player/198355/steve-clark/220002,mid_market
14,22,FIFA 22,male,192792,P. Kovář,Přemysl Kovář,35,GK,GK,65,65,64.07,80000.0,500.0,26000.0,106000.0,0.106,99.93233043568789,99.95835719119255,99.92712508458695,1.207959214582399,6.203713597758949,SK Slavia Praha,Czech Republic Gambrinus Liga,Czech Republic,https://sofifa.com/player/192792/premysl-kovar/220002,low_perf_low_cost__budget_depth
15,22,FIFA 22,male,214190,L. Castellanos,Andrés Leandro Castellanos Serrano,37,GK,GK,70,70,67.53,180000.0,1000.0,52000.0,232000.0,0.232,99.92712508458695,99.89068762688044,99.93233043568789,1.1969050799721561,6.241084637625384,Club Independiente Santa Fe,Colombian Liga Postobón,Colombia,https://sofifa.com/player/214190/leandro-castellanos/220002,mid_market
16,22,FIFA 22,male,183596,E. Domaschke,Erik Domaschke,35,GK,GK,65,65,64.00999999999999,80000.0,500.0,26000.0,106000.0,0.106,99.91931705793556,99.95054916454114,99.91931705793556,1.1968341230801651,6.143713597758946,SV Meppen,German 3. Bundesliga,Germany,https://sofifa.com/player/183596/erik-domaschke/220002,low_perf_low_cost__budget_depth
17,22,FIFA 22,male,259769,M. Heredia,Manuel Alexander Heredia Rojas,35,GK,GK,65,65,64.00999999999999,80000.0,500.0,26000.0,106000.0,0.106,99.91931705793556,99.95054916454114,99.91931705793556,1.1968341230801651,6.143713597758946,Carlos A. Mannucci,Peruvian Primera División,Peru,https://sofifa.com/player/259769/manuel-heredia/220002,low_perf_low_cost__budget_depth
18,22,FIFA 22,male,228232,D. Azcona,Librado Daniel Azcona Salinas,37,GK,GK,67,67,65.07,110000.0,500.0,26000.0,136000.0,0.136,99.91150903128417,99.93233043568789,99.90109832908229,1.185744880258186,6.114764895850499,Club River Plate Asunción,Paraguayan Primera División,Ecuador,https://sofifa.com/player/228232/daniel-azcona/220002,low_perf_low_cost__budget_depth
19,22,FIFA 22,male,259845,M. Santilli,Gabriel Mario Santilli,37,GK,GK,67,67,65.01,110000.0,500.0,26000.0,136000.0,0.136,99.90630368018323,99.92712508458695,99.89068762688044,1.174619788755955,6.054764895850511,Deportivo La Guaira FC,Venezuelan Primera División,Argentina,https://sofifa.com/player/259845/mario-santilli/220002,low_perf_low_cost__budget_depth
20,22,FIFA 22,male,164853,A. Federici,Adam Federici,36,GK,GK,70,70,68.2,180000.0,2000.0,104000.0,284000.0,0.284,99.90109832908229,99.85425016917391,99.88548227577951,1.152642180793834,6.02740647527699,Macarthur FC,Australian Hyundai A-League,Australia,https://sofifa.com/player/164853/adam-federici/220002,mid_market
