rank_vfm,fifa_version,season_label,dataset_gender,sofifa_id,short_name,long_name,age,primary_position,position_group,overall,potential,performance_score,value_eur,wage_eur,annual_wage_eur,total_cost_eur,cost_million_eur,vfm_index,vfm_formula_1_index,vfm_formula_2_index,vfm_formula_3_raw,regression_residual,club_name,league_name,nationality_name,player_url,cost_performance_segment,rank_young_vfm
129,22,FIFA 22,male,234999,Jean,Jean Paulo Fernandes Filho,25,GK,GK,71,75,74.68,2000000.0,500.0,26000.0,2026000.0,2.026,99.33371505908076,98.78715319348292,99.3753578678882,0.7171434647563093,3.921957835754455,Club Cerro Porteño,Paraguayan Primera División,Brazil,https://sofifa.com/player/234999/jean-paulo-fernandes-filho/220002,mid_market,1
154,22,FIFA 22,female,261787,J. Odeurs,Justien Odeurs,24,GK,GK,72,77,75.87,2800000.0,650.0,33800.0,2833800.0,2.8338,99.20358128155743,98.38634115871116,99.29727760137422,0.6582232818061154,3.645737525424309,,,Belgium,https://sofifa.com/player/261787/justien-odeurs/220002,high_perf_high_cost__premium_star,2
165,22,FIFA 22,male,250842,J. Graterol,Joel David Graterol Nader,24,GK,GK,72,78,76.21000000000001,3000000.0,2000.0,104000.0,3104000.0,3.104,99.1463224194472,98.2301806256832,99.24522409036489,0.6453879483655162,3.5877905997388098,América de Cali,Colombian Liga Postobón,Venezuela,https://sofifa.com/player/250842/joel-graterol/220002,high_perf_high_cost__premium_star,3
190,22,FIFA 22,male,246398,S. Rojas,Santiago Gerardo Rojas López,25,GK,GK,70,76,74.03999999999999,2000000.0,500.0,26000.0,2026000.0,2.026,99.01618864192388,98.24059132788506,99.07865285513508,0.5984758220658176,3.28195783575444,Club Nacional,Paraguayan Primera División,Paraguay,https://sofifa.com/player/246398/santiago-rojas/220002,mid_market,4
192,22,FIFA 22,male,220048,S. Scuffet,Simone Scuffet,25,GK,GK,72,75,74.85,2400000.0,650.0,33800.0,2433800.0,2.4338,99.00577793972204,97.9855291239394,99.083858206236,0.5958728105504949,3.290626861662574,APOEL Nicosia FC,Cypriot First Division,Italy,https://sofifa.com/player/220048/simone-scuffet/220002,mid_market,5
193,22,FIFA 22,male,221909,J. Staněk,Jindřich Staněk,25,GK,GK,73,79,76.88999999999999,3800000.0,650.0,33800.0,3833800.0,3.8338,99.00057258862113,97.54827963146114,99.12029566394254,0.5955402490534903,3.345097982369154,FC Viktoria Plzeň,Czech Republic Gambrinus Liga,Czech Republic,https://sofifa.com/player/221909/jindrich-stanek/220002,high_perf_high_cost__premium_star,6
219,22,FIFA 22,male,232350,J. Posavec,Josip Posavec,25,GK,GK,70,76,73.86000000000001,2000000.0,500.0,26000.0,2026000.0,2.026,98.86523345999689,97.88142210192078,98.9849565353183,0.5651005475591215,3.1019578357544617,Hajduk Split,Croatian Prva HNL,Croatia,https://sofifa.com/player/232350/josip-posavec/220002,mid_market,7
236,22,FIFA 22,male,222411,J. Prior,Jérôme Prior,25,GK,GK,72,75,75.0,2400000.0,5000.0,260000.0,2660000.0,2.66,98.77674249128104,97.46499401384622,98.9485190776118,0.5496415670722271,3.0522961458994478,FC Cartagena,Spanish Segunda División,France,https://sofifa.com/player/222411/jerome-prior/220002,high_perf_high_cost__premium_star,8
237,22,FIFA 22,male,231237,P. Jensen,Peter Vindahl Jensen,23,GK,GK,70,75,73.94999999999999,1900000.0,4000.0,208000.0,2108000.0,2.108,98.77153714018011,97.69923481338816,98.93810837540993,0.5487319344868484,3.0185911596818755,AZ Alkmaar,Holland Eredivisie,Denmark,https://sofifa.com/player/231237/peter-vindahl-jensen/220002,mid_market,9
242,22,FIFA 22,male,213729,S. Rossbach,Sondre Løvseth Rossbach,25,GK,GK,70,76,73.91999999999999,2000000.0,2000.0,104000.0,2104000.0,2.104,98.74551038467546,97.6575920045807,98.9172869710062,0.5447518205467614,2.9968903751248632,Odds BK,Norwegian Eliteserien,Norway,https://sofifa.com/player/213729/sondre-rossbach/220002,mid_market,10
255,22,FIFA 22,male,250753,A. Trubin,Anatoliy Trubin,19,GK,GK,72,78,75.34,2900000.0,500.0,26000.0,2926000.0,2.926,98.67784082036334,97.11103013898288,98.89126021550152,0.5332760573715882,2.9758348721519354,Shakhtar Donetsk,Ukrainian Premier League,Ukraine,https://sofifa.com/player/250753/anatoliy-trubin/220002,high_perf_high_cost__premium_star,11
259,22,FIFA 22,male,222464,Sivera,Antonio Sivera Salvá,24,GK,GK,72,78,76.15,3000000.0,10000.0,520000.0,3520000.0,3.52,98.6570194159596,96.7362448597158,98.89646556660246,0.5294780614785594,2.978236687850781,Deportivo Alavés,Spain Primera Division,Spain,https://sofifa.com/player/222464/antonio-sivera-salva/220002,high_perf_high_cost__premium_star,12
269,22,FIFA 22,male,239342,H. Koffi,Hervé Kouakou Koffi,24,GK,GK,73,78,76.8,3700000.0,8000.0,416000.0,4116000.0,4.116,98.60496590495028,96.17406694081517,98.84441205559314,0.5196778299920202,2.944750162264384,Royal Charleroi S.C.,Belgian Jupiler Pro League,Burkina Faso,https://sofifa.com/player/239342/herve-koffi/220002,high_perf_high_cost__premium_star,13
273,22,FIFA 22,male,251292,F. Kastenmeier,Florian Kastenmeier,24,GK,GK,71,75,74.75,2100000.0,10000.0,520000.0,2620000.0,2.62,98.58414450054656,97.04336057467076,98.74030503357451,0.5159107481969846,2.86850250395905,Fortuna Düsseldorf,German 2. Bundesliga,Germany,https://sofifa.com/player/251292/florian-kastenmeier/220002,high_perf_high_cost__premium_star,14
277,22,FIFA 22,male,215213,A. Werner,Axel Wilfredo Werner,25,GK,GK,70,76,74.37,2000000.0,8000.0,416000.0,2416000.0,2.416,98.56332309614282,97.09541408568008,98.69345687366614,0.5129878520748608,2.8427016227194173,Elche CF,Spain Primera Division,Argentina,https://sofifa.com/player/215213/axel-werner/220002,mid_market,15
281,22,FIFA 22,male,244308,G. Fuentes,Gabriel Rafael Fuentes Gómez,24,LB,DEF,71,76,74.865,2600000.0,2000.0,104000.0,2704000.0,2.704,98.5425016917391,96.90802144604652,98.703867575868,0.5109414198072485,2.8456093826299167,Junior FC,Colombian Liga Postobón,Colombia,https://sofifa.com/player/244308/gabriel-fuentes/220002,high_perf_high_cost__premium_star,16
287,22,FIFA 22,male,219793,T. Didillon,Thomas Didillon,25,GK,GK,72,76,75.25,2600000.0,7000.0,364000.0,2964000.0,2.964,98.51126958513352,96.56967362448596,98.67784082036334,0.5058379456599307,2.829452977512318,KSV Cercle Brugge,Belgian Jupiler Pro League,France,https://sofifa.com/player/219793/thomas-didillon/220002,high_perf_high_cost__premium_star,17
288,22,FIFA 22,male,224442,B. Kamara,Bingourou Kamara,24,GK,GK,71,76,74.94,2300000.0,9000.0,468000.0,2768000.0,2.768,98.5060642340326,96.75706626411952,98.6726354692624,0.5053580021435506,2.8183933509678667,RC Strasbourg Alsace,French Ligue 1,Senegal,https://sofifa.com/player/224442/bingourou-kamara/220002,high_perf_high_cost__premium_star,18
304,22,FIFA 22,male,242969,N. Baumann,Noam Baumann,25,GK,GK,73,79,76.74000000000001,3800000.0,7000.0,364000.0,4164000.0,4.164,98.42277861641767,95.66394253292384,98.6882515225652,0.4988929167431475,2.8340883004024846,FC Lugano,Swiss Super League,Switzerland,https://sofifa.com/player/242969/noam-baumann/220002,high_perf_high_cost__premium_star,19
305,22,FIFA 22,male,243538,K. Letica,Karlo Letica,24,GK,GK,70,75,74.1,1900000.0,8000.0,416000.0,2316000.0,2.316,98.41757326531676,96.95486960595493,98.59976055384936,0.4981436301119979,2.7574094200535058,Club Brugge KV,Belgian Jupiler Pro League,Croatia,https://sofifa.com/player/243538/karlo-letica/220002,mid_market,20
312,22,FIFA 22,male,227186,A. Batalla,Augusto Martín Batalla Barga,25,GK,GK,71,76,74.53999999999999,2200000.0,7000.0,364000.0,2564000.0,2.564,98.38113580761022,96.68419134870648,98.58934985164748,0.4949737861956313,2.752909731991138,San Lorenzo de Almagro,Argentina Primera División,Argentina,https://sofifa.com/player/227186/augusto-batalla/220002,high_perf_high_cost__premium_star,21
315,22,FIFA 22,male,237525,A. Bodart,Arnaud Bodart,23,GK,GK,73,79,76.87,3900000.0,8000.0,416000.0,4316000.0,4.316,98.36551975430744,95.34121076466607,98.6570194159596,0.4931264301740804,2.8074277541104493,Standard de Liège,Belgian Jupiler Pro League,Belgium,https://sofifa.com/player/237525/arnaud-bodart/220002,high_perf_high_cost__premium_star,22
320,22,FIFA 22,male,242879,M. Vandevoordt,Maarten Vandevoordt,19,GK,GK,71,87,77.0,4300000.0,3000.0,156000.0,4456000.0,4.456,98.33949299880275,95.23710374264743,98.64660871375774,0.4906345918278094,2.7979414145750923,KRC Genk,Belgian Jupiler Pro League,Belgium,https://sofifa.com/player/242879/maarten-vandevoordt/220002,high_perf_high_cost__premium_star,23
321,22,FIFA 22,male,243573,A. Racioppi,Anthony Racioppi,22,GK,GK,70,75,73.62,2000000.0,2000.0,104000.0,2104000.0,2.104,98.33428764770184,96.98610171256053,98.474832127427,0.4891263630355979,2.6968903751248803,Dijon FCO,French Ligue 2,Switzerland,https://sofifa.com/player/243573/anthony-racioppi/220002,mid_market,24
327,22,FIFA 22,male,253695,L. Takács,Ladislav Takács,24,CB,DEF,72,76,75.2375,3000000.0,600.0,31200.0,3031200.0,3.0312,98.30305554109626,96.0803706209984,98.53729634063818,0.4848419291478805,2.718992898349597,SK Slavia Praha,Czech Republic Gambrinus Liga,Czech Republic,https://sofifa.com/player/253695/ladislav-takacs/220002,high_perf_high_cost__premium_star,25
328,22,FIFA 22,male,241696,H. De La Fuente,Hernán De La Fuente,24,RB,DEF,71,75,74.81,2500000.0,5000.0,260000.0,2760000.0,2.76,98.29785018999532,96.2781739628338,98.49565353183073,0.4836650721680714,2.7010403528824725,Futebol Clube de Famalicão,Portuguese Liga ZON SAGRES,Argentina,https://sofifa.com/player/241696/hernan-de-la-fuente/220002,high_perf_high_cost__premium_star,26
329,22,FIFA 22,male,240091,G. Vicario,Guglielmo Vicario,24,GK,GK,71,77,75.22,2400000.0,12000.0,624000.0,3024000.0,3.024,98.2926448388944,96.0647545676956,98.5060642340326,0.4835784439943013,2.711884190402003,Empoli,Italian Serie A,Italy,https://sofifa.com/player/240091/guglielmo-vicario/220002,high_perf_high_cost__premium_star,27
339,22,FIFA 22,male,225995,P. Stojanović,Petar Stojanović,25,RB,DEF,71,75,74.215,2400000.0,550.0,28600.0,2428600.0,2.4286,98.24059132788506,96.48118265577014,98.43839466972048,0.4799142522524762,2.664972697181838,Empoli,Italian Serie A,Slovenia,https://sofifa.com/player/225995/petar-stojanovic/220002,mid_market,28
340,22,FIFA 22,male,239950,Pêpê,Pedro Filipe Figueiredo Rodrigues,24,CDM,MID,72,77,75.5025,3200000.0,800.0,41600.0,3241600.0,3.2416,98.23538597678412,95.74722815053876,98.46442142522514,0.4780663259195432,2.6907600711819697,Futebol Clube de Famalicão,Portuguese Liga ZON SAGRES,Portugal,https://sofifa.com/player/239950/pedro-filipe-rodrigues/220002,high_perf_high_cost__premium_star,29
349,22,FIFA 22,male,229150,P. Hatzidiakos,Pantelis Chatzidiakos,24,CB,DEF,71,77,75.1525,2700000.0,6000.0,312000.0,3012000.0,3.012,98.18853781687574,95.85133517255738,98.42277861641767,0.4743754449419577,2.661758114858884,AZ Alkmaar,Holland Eredivisie,Greece,https://sofifa.com/player/229150/pantelis-hatzidiakos/220002,high_perf_high_cost__premium_star,30
355,22,FIFA 22,male,239808,M. Sáček,Michal Sáček,24,CDM,MID,73,77,76.4525,4000000.0,750.0,39000.0,4039000.0,4.039,98.15730571027017,94.96122013429806,98.45401072302326,0.4709787861389779,2.6797674691624707,AC Sparta Praha,Czech Republic Gambrinus Liga,Czech Republic,https://sofifa.com/player/239808/michal-sacek/220002,high_perf_high_cost__premium_star,31
356,22,FIFA 22,male,236696,A. Chatzigiovanis,Anastasios Chatzigiovanis,24,RW,ATT,71,77,75.16,3000000.0,600.0,31200.0,3031200.0,3.0312,98.15210035916922,95.7212013950341,98.40716256311488,0.4704720192908289,2.641492898349597,Panathinaikos FC,Greek Super League,Greece,https://sofifa.com/player/236696/anastasios-chatzigiovanis/220002,high_perf_high_cost__premium_star,32
361,22,FIFA 22,male,228616,D. Bertaud,Dimitry Bertaud,23,GK,GK,72,77,75.63,2800000.0,11000.0,572000.0,3372000.0,3.372,98.12607360366457,95.37244287127167,98.41236791421582,0.4688485287600286,2.6459299041340927,Montpellier Hérault SC,French Ligue 1,France,https://sofifa.com/player/228616/dimitry-bertaud/220002,high_perf_high_cost__premium_star,33
365,22,FIFA 22,male,233642,A. Laïdouni,Aïssa Bilal Laïdouni,24,CDM,MID,70,75,73.755,2200000.0,500.0,26000.0,2226000.0,2.226,98.10525219926085,96.413513091458,98.28743948779343,0.4671965149038196,2.585597311018631,Ferencvárosi TC,Hungarian Nemzeti Bajnokság I,France,https://sofifa.com/player/233642/aissa-laidouni/220002,mid_market,34
366,22,FIFA 22,male,213209,K. Acosta,Kellyn Kai Perry-Acosta,25,CDM,MID,71,76,74.72,2500000.0,5000.0,260000.0,2760000.0,2.76,98.1000468481599,95.88777263026392,98.35510905210556,0.4669774349147207,2.611040352882469,Colorado Rapids,USA Major League Soccer,United States,https://sofifa.com/player/213209/kellyn-acosta/220002,high_perf_high_cost__premium_star,35
368,22,FIFA 22,male,228120,K. Paal,Kenneth Paal,24,LB,DEF,71,77,75.2575,2800000.0,6000.0,312000.0,3112000.0,3.112,98.08963614595804,95.58065691530894,98.37593045650928,0.4666325887583241,2.6240433958814293,PEC Zwolle,Holland Eredivisie,Netherlands,https://sofifa.com/player/228120/kenneth-paal/220002,high_perf_high_cost__premium_star,36
370,22,FIFA 22,male,224836,V. Milinković-Savić,Vanja Milinković-Savić,24,GK,GK,70,75,74.4,1900000.0,13000.0,676000.0,2576000.0,2.576,98.07922544375616,95.97626359897976,98.30826089219715,0.4651250369454143,2.592507192237917,Torino F.C.,Italian Serie A,Serbia,https://sofifa.com/player/224836/vanja-milinkovic-savic/220002,high_perf_high_cost__premium_star,37
374,22,FIFA 22,female,261833,Joana Marchão,Joana Filipa Gaspar Marchão,24,LB,DEF,71,76,74.49,2600000.0,700.0,36400.0,2636400.0,2.6364,98.05840403935244,95.89297798136484,98.28223413669252,0.4625031342381247,2.581236457460349,,,Portugal,https://sofifa.com/player/261833/joana-filipa-gaspar-marchao/220002,high_perf_high_cost__premium_star,38
377,22,FIFA 22,male,213272,L. Cháves,Lucas Abraham Chávez,25,GK,GK,73,78,76.37,3600000.0,8000.0,416000.0,4016000.0,4.016,98.04278798604966,94.58643485503096,98.36551975430744,0.4604397018161053,2.622220818657496,Argentinos Juniors,Argentina Primera División,Argentina,https://sofifa.com/player/213272/lucas-chaves/220002,high_perf_high_cost__premium_star,39
382,22,FIFA 22,male,226130,F. Miguel,Florian Miguel,24,CB,DEF,71,75,74.6825,2400000.0,7000.0,364000.0,2764000.0,2.764,98.016761230545,95.67955858622663,98.26661808338972,0.4588176628089224,2.5672122763094904,SD Huesca,Spanish Segunda División,France,https://sofifa.com/player/226130/florian-miguel/220002,high_perf_high_cost__premium_star,40
387,22,FIFA 22,male,239845,K. Galanopoulos,Konstantinos Galanopoulos,23,CM,MID,72,78,76.03,3700000.0,850.0,44200.0,3744200.0,3.7442,97.99073447504034,94.67492582374682,98.2926448388944,0.4557833604612623,2.5884309778205647,AEK Athens,Greek Super League,Greece,https://sofifa.com/player/239845/konstantinos-galanopoulos/220002,high_perf_high_cost__premium_star,41
395,22,FIFA 22,male,231413,M. Verrips,Michael Robin Verrips,24,GK,GK,69,75,73.66,1800000.0,8000.0,416000.0,2216000.0,2.216,97.94909166623287,96.0959866743012,98.13648430586645,0.4533330317438152,2.5102710755675304,Sheffield United,English League Championship,Netherlands,https://sofifa.com/player/231413/michael-verrips/220002,mid_market,42
404,22,FIFA 22,male,251675,Douglas Augusto,Douglas Augusto Soares Gomes,24,CM,MID,72,76,75.5,3300000.0,900.0,46800.0,3346800.0,3.3468,97.90224350632452,94.9039612721878,98.21976992348134,0.4509939360127466,2.5487074338715274,PAOK,Greek Super League,Brazil,https://sofifa.com/player/251675/douglas-augusto-soares-gomes/220002,high_perf_high_cost__premium_star,43
405,22,FIFA 22,male,241004,F. Carballo,Felipe Ignacio Carballo Ares,24,CM,MID,71,76,74.76,2800000.0,750.0,39000.0,2839000.0,2.839,97.89703815522356,95.33600541356516,98.16251106137108,0.4508816661361489,2.527726809604445,Club Nacional de Football,Uruguayan Primera División,Uruguay,https://sofifa.com/player/241004/felipe-carballo/220002,high_perf_high_cost__premium_star,44
407,22,FIFA 22,male,246444,T. Iwata,岩田 智輝,24,CB,DEF,70,75,74.205,2200000.0,6000.0,312000.0,2512000.0,2.512,97.8866274530217,95.69517463952944,98.12607360366457,0.4499293477033804,2.5074384236269367,Yokohama F. Marinos,Japanese J. League Division 1,Japan,https://sofifa.com/player/246444/tomoki-iwata/220002,mid_market,45
408,22,FIFA 22,male,236823,I. Pettersson,Carl Isak Emanuel Pettersson,24,GK,GK,70,77,74.78,2700000.0,3000.0,156000.0,2856000.0,2.856,97.88142210192078,95.30477330695956,98.15730571027017,0.449615984145061,2.52163994909101,Toulouse Football Club,French Ligue 2,Sweden,https://sofifa.com/player/236823/isak-pettersson/220002,high_perf_high_cost__premium_star,46
416,22,FIFA 22,male,243270,Heriberto Tavares,Heriberto Moreno Borges Tavares,24,RW,ATT,70,76,74.7025,2500000.0,6000.0,312000.0,2812000.0,2.812,97.83977929311332,95.30997865806049,98.14168965696736,0.4481816230490498,2.511981675535651,Futebol Clube de Famalicão,Portuguese Liga ZON SAGRES,Portugal,https://sofifa.com/player/243270/heriberto-borges-tavares/220002,high_perf_high_cost__premium_star,47
419,22,FIFA 22,male,236038,K. Duncan,Kyle Duncan,23,RB,DEF,72,78,76.0,3500000.0,5000.0,260000.0,3760000.0,3.76,97.82416323981052,94.23767633126856,98.18853781687574,0.4467124344048829,2.5400309407343684,New York Red Bulls,USA Major League Soccer,United States,https://sofifa.com/player/236038/kyle-duncan/220002,high_perf_high_cost__premium_star,48
422,22,FIFA 22,male,259036,V. Korniienko,Viktor Korniienko,22,LB,DEF,71,82,76.2975,4000000.0,500.0,26000.0,4026000.0,4.026,97.80854718650774,93.86289105200146,98.18333246577482,0.4449248841215917,2.53885402219548,Shakhtar Donetsk,Ukrainian Premier League,Ukraine,https://sofifa.com/player/259036/viktor-korniienko/220002,high_perf_high_cost__premium_star,49
430,22,FIFA 22,male,251532,M. Elia,Meschack Elia Lina,23,ST,ATT,71,77,75.73750000000001,3000000.0,11000.0,572000.0,3572000.0,3.572,97.76690437770029,94.2168549268648,98.09484149705898,0.4407751809603797,2.5016588627417637,BSC Young Boys,Swiss Super League,Congo DR,https://sofifa.com/player/251532/meschack-elia/220002,high_perf_high_cost__premium_star,50
436,22,FIFA 22,male,253012,L. Morales,Lautaro Alberto Morales,21,GK,GK,72,85,77.51,5000000.0,6000.0,312000.0,5312000.0,5.312,97.73567227109469,92.13991983759304,98.19374316797668,0.4387992697926233,2.540139913203447,Club Atlético Lanús,Argentina Primera División,Argentina,https://sofifa.com/player/253012/lautaro-morales/220002,high_perf_high_cost__premium_star,51
438,22,FIFA 22,male,213418,C. Akpom,Chuba Akpom,25,ST,ATT,71,75,74.38,2600000.0,950.0,49400.0,2649400.0,2.6494,97.72526156889282,95.2110769871428,97.99593982614128,0.4380089931691278,2.449743369173376,PAOK,Greek Super League,England,https://sofifa.com/player/213418/chuba-akpom/220002,high_perf_high_cost__premium_star,52
446,22,FIFA 22,male,237211,Yuri Ribeiro,Yuri Oliveira Ribeiro,24,LWB,DEF,71,76,74.78999999999999,2600000.0,6000.0,312000.0,2912000.0,2.912,97.68361876008537,94.82067565457292,97.99073447504034,0.4352919838544693,2.446791920454828,Legia Warszawa,Polish T-Mobile Ekstraklasa,Portugal,https://sofifa.com/player/237211/yuri-oliveira-ribeiro/220002,high_perf_high_cost__premium_star,53
457,22,FIFA 22,female,261798,C. Vande Velde,Chloé Vande Velde,24,CM,MID,72,77,75.66,3500000.0,900.0,46800.0,3546800.0,3.5468,97.62635989797512,93.84206964759773,98.01155587944407,0.4323038703729062,2.45509463249114,,,Belgium,https://sofifa.com/player/261798/chloe-vande-velde/220002,high_perf_high_cost__premium_star,54
459,22,FIFA 22,male,215703,Marlon,Marlon Santos da Silva Barbosa,25,CB,DEF,72,77,75.10249999999999,3100000.0,650.0,33800.0,3133800.0,3.1338,97.61594919577324,94.39904221539744,97.96991307063662,0.4320767811157576,2.438540889235824,Shakhtar Donetsk,Ukrainian Premier League,Brazil,https://sofifa.com/player/215703/marlon-da-silva-barbosa/220002,high_perf_high_cost__premium_star,55
462,22,FIFA 22,male,228279,J. Drommel,Joël Drommel,24,GK,GK,75,81,79.03,7000000.0,10000.0,520000.0,7520000.0,7.52,97.60033314247046,89.36026234969549,98.19894851907762,0.4310337504022035,2.541298790258537,PSV,Holland Eredivisie,Netherlands,https://sofifa.com/player/228279/joel-drommel/220002,high_perf_high_cost__premium_star,56
464,22,FIFA 22,male,229155,T. Ouwejan,Thomas Ouwejan,24,LB,DEF,72,76,75.545,3100000.0,7000.0,364000.0,3464000.0,3.464,97.5899224402686,93.87850710530424,97.97511842173756,0.4306612852297071,2.443310938985178,FC Schalke 04,German 2. Bundesliga,Netherlands,https://sofifa.com/player/229155/thomas-ouwejan/220002,high_perf_high_cost__premium_star,57
470,22,FIFA 22,male,251852,K. Adeyemi,Karim-David Adeyemi,19,ST,ATT,71,85,77.2425,4500000.0,11000.0,572000.0,5072000.0,5.072,97.558690333663,91.74951850502316,98.0636093904534,0.4277191053602445,2.474657562623648,FC Red Bull Salzburg,Austrian Football Bundesliga,Germany,https://sofifa.com/player/251852/karim-adeyemi/220002,high_perf_high_cost__premium_star,58
480,22,FIFA 22,male,230601,Cryzan,Cryzan da Cruz Queiroz Barcelos,24,ST,ATT,70,75,74.2425,2400000.0,4000.0,208000.0,2608000.0,2.608,97.50663682265368,94.86752381448127,97.86580604861796,0.425635736510601,2.3810616180865054,Santa Clara,Portuguese Liga ZON SAGRES,Brazil,https://sofifa.com/player/230601/cryzan-queiroz-barcelos/220002,high_perf_high_cost__premium_star,59
482,22,FIFA 22,male,231344,M. Koné,Moussa Koné,24,ST,ATT,72,76,75.82249999999999,3400000.0,6000.0,312000.0,3712000.0,3.712,97.49622612045182,93.30591848420175,97.92306491072824,0.4245051387600758,2.4186713685356835,Nîmes Olympique,French Ligue 2,Senegal,https://sofifa.com/player/231344/moussa-kone/220002,high_perf_high_cost__premium_star,60
491,22,FIFA 22,male,232120,S. Moore,Shaquell Moore,24,RB,DEF,72,76,75.4325,3100000.0,6000.0,312000.0,3412000.0,3.412,97.44937796054344,93.592212794753,97.8866274530217,0.4224034370402236,2.396901755063965,CD Tenerife,Spanish Segunda División,United States,https://sofifa.com/player/232120/shaquell-moore/220002,high_perf_high_cost__premium_star,61
492,22,FIFA 22,male,258498,B. Verbruggen,Bart Verbruggen,18,GK,GK,65,83,72.1,1600000.0,500.0,26000.0,1626000.0,1.626,97.4441726094425,96.10119202540211,97.61594919577324,0.422007877415878,2.302995149823161,RSC Anderlecht,Belgian Jupiler Pro League,Netherlands,https://sofifa.com/player/258498/bart-verbruggen/220002,mid_market,62
498,22,FIFA 22,male,242084,Carlos Miguel,Carlos Miguel Coronel,24,GK,GK,69,75,73.48,1800000.0,8000.0,416000.0,2216000.0,2.216,97.41294050283692,95.19546093384,97.70444016448909,0.4199577572371166,2.3302710755675378,New York Red Bulls,USA Major League Soccer,Brazil,https://sofifa.com/player/242084/carlos-miguel-coronel/220002,mid_market,63
502,22,FIFA 22,male,214462,I. Arboleda,Iván Mauricio Arboleda,25,GK,GK,73,79,76.53,3800000.0,11000.0,572000.0,4372000.0,4.372,97.3921190984332,92.09307167768466,97.90744885742544,0.4193436687839456,2.41109777177941,Rayo Vallecano,Spain Primera Division,Colombia,https://sofifa.com/player/214462/ivan-arboleda/220002,high_perf_high_cost__premium_star,64
503,22,FIFA 22,male,245822,D. Alemdar,Doğan Alemdar,18,GK,GK,68,83,73.92999999999999,2400000.0,1000.0,52000.0,2452000.0,2.452,97.38691374733226,94.8519077611785,97.74087762219564,0.4190809421208178,2.3380729620838423,Stade Rennais FC,French Ligue 1,Turkey,https://sofifa.com/player/245822/dogan-alemdar/220002,mid_market,65
512,22,FIFA 22,male,218744,J. Byrne,Jack Byrne,25,RW,ATT,72,75,75.0375,3100000.0,1000.0,52000.0,3152000.0,3.152,97.34006558742388,93.6234449013586,97.78252043100308,0.4151999537303837,2.34823757607802,APOEL Nicosia FC,Cypriot First Division,Republic of Ireland,https://sofifa.com/player/218744/jack-byrne/220002,high_perf_high_cost__premium_star,66
516,22,FIFA 22,male,233884,C. Pickel,Charles Monginda Pickel,24,CDM,MID,70,76,74.095,2300000.0,5000.0,260000.0,2560000.0,2.56,97.31924418302016,94.48232783301232,97.6575920045807,0.4137634720547656,2.3147318036133697,Futebol Clube de Famalicão,Portuguese Liga ZON SAGRES,Switzerland,https://sofifa.com/player/233884/charles-pickel/220002,high_perf_high_cost__premium_star,67
519,22,FIFA 22,male,234032,Lluís López,Lluís López Mármol,24,CB,DEF,71,77,74.82249999999999,2700000.0,6000.0,312000.0,3012000.0,3.012,97.30362812971734,93.72755192337723,97.71485086669097,0.4131874416796719,2.3317581148588715,Real Zaragoza,Spanish Segunda División,Spain,https://sofifa.com/player/234032/lluis-lopez-marmol/220002,high_perf_high_cost__premium_star,68
522,22,FIFA 22,male,244264,A. Gojak,Amer Gojak,24,CM,MID,69,75,73.4575,2200000.0,500.0,26000.0,2226000.0,2.226,97.28801207641456,94.94560408099528,97.58471708916764,0.4120346028719128,2.288097311018632,Dinamo Zagreb,Croatian Prva HNL,Bosnia and Herzegovina,https://sofifa.com/player/244264/amer-gojak/220002,mid_market,69
523,22,FIFA 22,male,228736,W. Faríñez,Wuilker Fariñez Aray,23,GK,GK,73,77,76.34,3500000.0,14000.0,728000.0,4228000.0,4.228,97.28280672531362,91.84842017594087,97.8501899953152,0.4120176675494469,2.367440119427627,Racing Club de Lens,French Ligue 1,Venezuela,https://sofifa.com/player/228736/wuilker-farinez/220002,high_perf_high_cost__premium_star,70
524,22,FIFA 22,male,257889,K. Jakić,Kristijan Jakić,24,CDM,MID,73,78,76.3425,4200000.0,600.0,31200.0,4231200.0,4.2312,97.27760137421268,91.83280412263808,97.84498464421424,0.4118508742078913,2.3666342470105235,Eintracht Frankfurt,German 1. Bundesliga,Croatia,https://sofifa.com/player/257889/kristijan-jakic/220002,high_perf_high_cost__premium_star,71
530,22,FIFA 22,male,234100,G. Escobar,Gonzalo Daniel Escobar,24,LB,DEF,73,76,76.2025,3800000.0,6000.0,312000.0,4112000.0,4.112,97.24636926760712,91.86403622924368,97.8033418354068,0.4097005239946646,2.351498618243056,UD Ibiza,Spanish Segunda División,Argentina,https://sofifa.com/player/234100/gonzalo-escobar/220002,high_perf_high_cost__premium_star,72
532,22,FIFA 22,male,224756,A. Lusamba,Arnaud Lusamba,24,CM,MID,72,76,75.5525,3300000.0,5000.0,260000.0,3560000.0,3.56,97.23595856540524,92.67086564988809,97.70964551559004,0.4092764645570688,2.331362869214047,Amiens SC,French Ligue 2,France,https://sofifa.com/player/224756/arnaud-lusamba/220002,high_perf_high_cost__premium_star,73
549,22,FIFA 22,male,231235,K. Amian,Kelvin Amian Adou,23,CB,DEF,73,77,76.60999999999999,3900000.0,12000.0,624000.0,4524000.0,4.524,97.1474675966894,90.9530997865806,97.75649367549842,0.4057033893000752,2.3417645378971343,Spezia,Italian Serie A,France,https://sofifa.com/player/231235/kelvin-amian/220002,high_perf_high_cost__premium_star,74
550,22,FIFA 22,female,261806,C. Tison,Charlotte Tison,23,CB,DEF,70,76,73.63,2300000.0,600.0,31200.0,2331200.0,2.3312,97.14226224558846,94.52917599292071,97.45458331164436,0.405546947796831,2.258825678798871,,,Belgium,https://sofifa.com/player/261806/charlotte-tison/220002,mid_market,75
557,22,FIFA 22,male,256903,Gonçalo Ramos,Gonçalo Matias Ramos,20,CF,ATT,72,86,77.805,5500000.0,8000.0,416000.0,5916000.0,5.916,97.10582478788194,88.94383426162095,97.8345739420124,0.4037738988582358,2.3645751643371824,SL Benfica,Portuguese Liga ZON SAGRES,Portugal,https://sofifa.com/player/256903/goncalo-matias-ramos/220002,high_perf_high_cost__premium_star,76
560,22,FIFA 22,male,228456,Juan Pérez,Juan Manuel Pérez Ruiz,24,GK,GK,69,75,73.39,1800000.0,8000.0,416000.0,2216000.0,2.216,97.09020873457914,94.63848836604028,97.36609234292854,0.4032701199837659,2.2402710755675344,CA Osasuna,Spain Primera Division,Spain,https://sofifa.com/player/228456/juan-manuel-perez-ruiz/220002,mid_market,77
561,22,FIFA 22,male,239704,K. Wagner,Kai Wagner,24,LB,DEF,73,76,76.16499999999999,3800000.0,6000.0,312000.0,4112000.0,4.112,97.08500338347822,91.39034927905888,97.65238665347977,0.4027473418057673,2.313998618243048,Philadelphia Union,USA Major League Soccer,Germany,https://sofifa.com/player/239704/kai-wagner/220002,high_perf_high_cost__premium_star,78
564,22,FIFA 22,male,240190,K. Malong,Pierre Kunde Malong,25,CM,MID,73,76,76.095,4000000.0,1000.0,52000.0,4052000.0,4.052,97.06938733017542,91.43199208786632,97.63156524907605,0.4020144959751377,2.308226182588456,Olympiacos CFP,Greek Super League,Cameroon,https://sofifa.com/player/240190/kunde-malong/220002,high_perf_high_cost__premium_star,79
568,22,FIFA 22,male,238507,Fernando Fonseca,Fernando Manuel Ferreira Fonseca,24,RB,DEF,72,76,75.38,3100000.0,7000.0,364000.0,3464000.0,3.464,97.0485659257717,92.22841080630889,97.54307428036022,0.4000672835985643,2.278310938985172,FC Paços de Ferreira,Portuguese Liga ZON SAGRES,Portugal,https://sofifa.com/player/238507/fernando-manuel-ferreira-fonseca/220002,high_perf_high_cost__premium_star,80
577,22,FIFA 22,male,233057,F. Troyansky,Franco Troyansky,24,ST,ATT,71,76,75.2475,2900000.0,9000.0,468000.0,3368000.0,3.368,97.0017177658633,92.31690177502472,97.49622612045182,0.3989149729190381,2.268616298090606,Club Atlas,Mexican Liga MX,Argentina,https://sofifa.com/player/233057/franco-troyansky/220002,high_perf_high_cost__premium_star,81
579,22,FIFA 22,male,231913,F. Aursnes,Fredrik Aursnes,25,CDM,MID,71,75,74.35749999999999,2400000.0,7000.0,364000.0,2764000.0,2.764,96.99130706366144,93.44646296392692,97.38170839623132,0.3985567505051555,2.2422122763094734,Feyenoord,Holland Eredivisie,Norway,https://sofifa.com/player/231913/fredrik-aursnes/220002,high_perf_high_cost__premium_star,82
580,22,FIFA 22,male,236721,L. Fomba,Lamine Fomba,23,CDM,MID,72,78,75.6175,3400000.0,5000.0,260000.0,3660000.0,3.66,96.98610171256053,91.838009473739,97.53266357815836,0.3982482164226998,2.2753153367448533,Nîmes Olympique,French Ligue 2,France,https://sofifa.com/player/236721/lamine-fomba/220002,high_perf_high_cost__premium_star,83
581,22,FIFA 22,male,229648,J. Van Cleemput,Jules Van Cleemput,24,RWB,DEF,71,76,74.745,2600000.0,8000.0,416000.0,3016000.0,3.016,96.9808963614596,92.93113320493468,97.40252980063504,0.3977118246699884,2.24845912762126,Royal Charleroi S.C.,Belgian Jupiler Pro League,Belgium,https://sofifa.com/player/229648/jules-van-cleemput/220002,high_perf_high_cost__premium_star,84
582,22,FIFA 22,male,246183,T. Wiesner,Tomáš Wiesner,23,RB,DEF,72,77,75.195,3300000.0,650.0,33800.0,3333800.0,3.3338,96.97569101035864,92.30128572172192,97.45978866274532,0.3976839007442716,2.2607131054246565,AC Sparta Praha,Czech Republic Gambrinus Liga,Czech Republic,https://sofifa.com/player/246183/tomas-wiesner/220002,high_perf_high_cost__premium_star,85
585,22,FIFA 22,male,232296,F. Moufi,Fahd Moufi,25,RB,DEF,71,76,74.5025,2600000.0,5000.0,260000.0,2860000.0,2.86,96.96007495705584,93.1966061110822,97.35568164072669,0.396996375292037,2.238024432119218,Portimonense SC,Portuguese Liga ZON SAGRES,Morocco,https://sofifa.com/player/232296/fahd-moufi/220002,high_perf_high_cost__premium_star,86
586,22,FIFA 22,female,261848,Inês Pereira,Inês Teixeira Pereira,22,GK,GK,71,79,75.57000000000001,3600000.0,550.0,28600.0,3628600.0,3.6286,96.95486960595493,91.7911613138306,97.48581541824996,0.3966194820042488,2.265464348820202,,,Portugal,https://sofifa.com/player/261848/ines-teixeira-pereira/220002,high_perf_high_cost__premium_star,87
588,22,FIFA 22,male,233800,F. Bjørkan,Fredrik André Bjørkan,22,LB,DEF,72,78,75.66250000000001,3500000.0,4000.0,208000.0,3708000.0,3.708,96.94445890375306,91.58815262089428,97.46499401384622,0.3957365033972031,2.2633824595733927,FK Bodø/Glimt,Norwegian Eliteserien,Norway,https://sofifa.com/player/233800/fredrik-andre-bjorkan/220002,high_perf_high_cost__premium_star,88
589,22,FIFA 22,male,225317,K. Nisbet,Kevin Nisbet,24,ST,ATT,71,75,74.72749999999999,2700000.0,6000.0,312000.0,3012000.0,3.012,96.93925355265212,92.8218208318151,97.35047628962572,0.3955727134678026,2.2367581148588727,Hibernian,Scottish Premiership,Scotland,https://sofifa.com/player/225317/kevin-nisbet/220002,high_perf_high_cost__premium_star,89
591,22,FIFA 22,male,215363,L. Montipò,Lorenzo Montipò,25,GK,GK,74,80,77.49000000000001,5000000.0,11000.0,572000.0,5572000.0,5.572,96.92884285045024,88.7252095153818,97.64197595127791,0.3952782806028434,2.311338780115122,Hellas Verona,Italian Serie A,Italy,https://sofifa.com/player/215363/lorenzo-montipo/220002,high_perf_high_cost__premium_star,90
597,22,FIFA 22,male,244186,Luquinhas,Lucas Lima Linhares,24,CF,ATT,71,76,75.0825,2900000.0,7000.0,364000.0,3264000.0,3.264,96.89761074384468,92.2336161574098,97.37129769402944,0.3944532779172883,2.2406696872021854,Legia Warszawa,Polish T-Mobile Ekstraklasa,Brazil,https://sofifa.com/player/244186/lucas-lima-linhares/220002,high_perf_high_cost__premium_star,91
600,22,FIFA 22,male,244204,N. Katić,Nikola Katić,24,CB,DEF,70,76,73.555,2300000.0,500.0,26000.0,2326000.0,2.326,96.88199469054187,93.97220342512102,97.1943157565978,0.3935010929556092,2.1935832995507383,Hajduk Split,Croatian Prva HNL,Croatia,https://sofifa.com/player/244204/nikola-katic/220002,mid_market,92
606,22,FIFA 22,male,234905,D. Vanzeir,Dante Vanzeir,23,ST,ATT,70,75,74.49000000000001,2400000.0,9000.0,468000.0,2868000.0,2.868,96.85076258393627,92.89469574722816,97.2619853209099,0.392351411179346,2.2133190158974543,Royale Union Saint-Gilloise,Belgian Jupiler Pro League,Belgium,https://sofifa.com/player/234905/dante-vanzeir/220002,high_perf_high_cost__premium_star,93
626,22,FIFA 22,male,227706,J. Hromada,Jakub Hromada,25,CDM,MID,73,78,76.1225,4100000.0,750.0,39000.0,4139000.0,4.139,96.74665556191763,90.38571651657904,97.38691374733226,0.389414362763346,2.242901379073245,SK Slavia Praha,Czech Republic Gambrinus Liga,Slovakia,https://sofifa.com/player/227706/jakub-hromada/220002,high_perf_high_cost__premium_star,94
628,22,FIFA 22,male,243061,Lee Dong Jun,Dong Jun Lee,24,RW,ATT,71,77,75.2575,3000000.0,8000.0,416000.0,3416000.0,3.416,96.7362448597158,91.6558221852064,97.27239602311175,0.3889790960873289,2.216782203907627,Ulsan Hyundai FC,Korean K League 1,Korea Republic,https://sofifa.com/player/243061/dong-jun-lee/220002,high_perf_high_cost__premium_star,95
630,22,FIFA 22,male,220383,Aarón,Aarón Escandell Banacloche,25,GK,GK,70,75,73.61000000000001,1900000.0,9000.0,468000.0,2368000.0,2.368,96.72583415751392,93.67549841236792,97.10582478788194,0.3887893194519327,2.17038755919522,Granada CF,Spain Primera Division,Spain,https://sofifa.com/player/220383/aaron-escandell/220002,mid_market,96
634,22,FIFA 22,male,257288,M. Okoye,Maduka Emilio Okoye,21,GK,GK,71,81,75.74,3600000.0,4000.0,208000.0,3808000.0,3.808,96.7050127531102,90.82296600905732,97.30362812971734,0.3879350604326951,2.224602672699717,Sparta Rotterdam,Holland Eredivisie,Nigeria,https://sofifa.com/player/257288/maduka-okoye/220002,high_perf_high_cost__premium_star,97
635,22,FIFA 22,male,237153,L. Blessing,Latif Blessing,24,CM,MID,71,75,74.6075,2700000.0,5000.0,260000.0,2960000.0,2.96,96.69980740200928,92.35854458383218,97.18390505439592,0.387831876111369,2.1928537700590027,Los Angeles FC,USA Major League Soccer,Ghana,https://sofifa.com/player/237153/latif-blessing/220002,high_perf_high_cost__premium_star,98
638,22,FIFA 22,male,253073,J. Okumu,Joseph Stanley Okumu,24,CB,DEF,71,76,74.9175,2600000.0,11000.0,572000.0,3172000.0,3.172,96.68419134870648,92.0201967622716,97.22554786320336,0.3876799857301368,2.2005996831126566,KAA Gent,Belgian Jupiler Pro League,Kenya,https://sofifa.com/player/253073/joseph-okumu/220002,high_perf_high_cost__premium_star,99
641,22,FIFA 22,male,259360,Ayesa,Gaizka Ayesa Burgui,20,GK,GK,67,81,73.17,2100000.0,1000.0,52000.0,2152000.0,2.152,96.66857529540368,94.02946228723128,97.02253917026702,0.3868945204593642,2.148325241646916,Real Sociedad B,Spanish Segunda División,Spain,https://sofifa.com/player/259360/gaizka-ayesa-burgui/220002,mid_market,100
